seeker_id,hider_id,seeker_reward,seeker_A,seeker_seed,seeker_source,hider_reward,hider_A,hider_seed,hider_source,n,wins,wr,ci_lo,ci_hi,stage_reached,self_pair
0,0,R4_sparse,0.0,0,grid,R4_sparse,0.0,0,grid,100,95,0.95,0.8882495307680808,0.9784563208456319,3,1
0,1,R4_sparse,0.0,0,grid,R4_sparse,0.0,1,grid,100,62,0.62,0.5220975529551107,0.7090240074752127,3,0
0,2,R4_sparse,0.0,0,grid,R4_sparse,0.0,2,grid,100,56,0.56,0.4622810465167699,0.6532797336983921,3,0
0,3,R4_sparse,0.0,0,grid,R4_sparse,0.0,3,grid,100,36,0.36,0.2727122040140433,0.4576459754839126,3,0
0,4,R4_sparse,0.0,0,grid,R4_sparse,0.0,4,grid,100,14,0.14,0.08526343659939135,0.22137188210963837,3,0
0,5,R4_sparse,0.0,0,grid,R4_sparse,0.5,0,grid,100,14,0.14,0.08526343659939135,0.22137188210963837,3,0
0,6,R4_sparse,0.0,0,grid,R4_sparse,0.5,1,grid,100,22,0.22,0.15001282384605402,0.31070353514985793,3,0
0,7,R4_sparse,0.0,0,grid,R4_sparse,0.5,2,grid,100,19,0.19,0.12514751509768735,0.27778845379064376,3,0
0,8,R4_sparse,0.0,0,grid,R4_sparse,0.5,3,grid,100,58,0.58,0.4820648670304296,0.6720161732564526,3,0
0,9,R4_sparse,0.0,0,grid,R4_sparse,0.5,4,grid,100,13,0.13,0.07757167427240512,0.20980351440076428,3,0
0,10,R4_sparse,0.0,0,grid,R7_kitchen_sink,0.0,0,grid,100,13,0.13,0.07757167427240512,0.20980351440076428,3,0
0,11,R4_sparse,0.0,0,grid,R7_kitchen_sink,0.0,1,grid,100,5,0.05,0.02154367915436796,0.11175046923191913,3,0
0,12,R4_sparse,0.0,0,grid,R7_kitchen_sink,0.0,2,grid,100,16,0.16,0.10095288488804782,0.24420269389270244,3,0
0,13,R4_sparse,0.0,0,grid,R7_kitchen_sink,0.0,3,grid,100,11,0.11,0.06254196357064568,0.18631296503080313,3,0
0,14,R4_sparse,0.0,0,grid,R7_kitchen_sink,0.0,4,grid,100,13,0.13,0.07757167427240512,0.20980351440076428,3,0
0,15,R4_sparse,0.0,0,grid,R7_kitchen_sink,0.0,5,grid,100,7,0.07,0.03431926106727268,0.137495147390735,3,0
0,16,R4_sparse,0.0,0,grid,R7_kitchen_sink,0.0,6,grid,100,10,0.1,0.0552291370606751,0.17436566150491345,3,0
0,17,R4_sparse,0.0,0,grid,R7_kitchen_sink,0.0,7,grid,100,11,0.11,0.06254196357064568,0.18631296503080313,3,0
0,18,R4_sparse,0.0,0,grid,R7_kitchen_sink,0.0,8,grid,100,10,0.1,0.0552291370606751,0.17436566150491345,3,0
0,19,R4_sparse,0.0,0,grid,R7_kitchen_sink,0.5,0,grid,100,16,0.16,0.10095288488804782,0.24420269389270244,3,0
0,20,R4_sparse,0.0,0,grid,R7_kitchen_sink,0.5,1,grid,100,9,0.09,0.04807254000256516,0.1622621285271631,3,0
0,21,R4_sparse,0.0,0,grid,R7_kitchen_sink,0.5,2,grid,100,12,0.12,0.0699940643701949,0.19812099426711421,3,0
0,22,R4_sparse,0.0,0,grid,R7_kitchen_sink,0.5,3,grid,100,8,0.08,0.041093461484380624,0.14998107700948735,3,0
0,23,R4_sparse,0.0,0,grid,R7_kitchen_sink,0.5,4,grid,100,14,0.14,0.08526343659939135,0.22137188210963837,3,0
0,24,R4_sparse,0.0,0,grid,R7_kitchen_sink,0.5,5,grid,100,45,0.45,0.3561453797951198,0.5475539700255787,3,0
0,25,R4_sparse,0.0,0,grid,R7_kitchen_sink,0.5,6,grid,100,9,0.09,0.04807254000256516,0.1622621285271631,3,0
0,26,R4_sparse,0.0,0,grid,R7_kitchen_sink,0.5,7,grid,100,9,0.09,0.04807254000256516,0.1622621285271631,3,0
0,27,R4_sparse,0.0,0,grid,R7_kitchen_sink,0.5,8,grid,100,14,0.14,0.08526343659939135,0.22137188210963837,3,0
0,28,R4_sparse,0.0,0,grid,R4_sparse,0.0,42,anchor,100,18,0.18,0.11700225498946351,0.2666735838630073,3,0
0,29,R4_sparse,0.0,0,grid,R4_sparse,0.5,42,anchor,100,12,0.12,0.0699940643701949,0.19812099426711421,3,0
0,30,R4_sparse,0.0,0,grid,R7_kitchen_sink,0.0,42,anchor,100,11,0.11,0.06254196357064568,0.18631296503080313,3,0
0,31,R4_sparse,0.0,0,grid,R7_kitchen_sink,0.5,42,anchor,100,99,0.99,0.9455138038212946,0.9982325679358593,3,0
1,0,R4_sparse,0.0,1,grid,R4_sparse,0.0,0,grid,100,13,0.13,0.07757167427240512,0.20980351440076428,3,0
1,1,R4_sparse,0.0,1,grid,R4_sparse,0.0,1,grid,100,16,0.16,0.10095288488804782,0.24420269389270244,3,1
1,2,R4_sparse,0.0,1,grid,R4_sparse,0.0,2,grid,100,16,0.16,0.10095288488804782,0.24420269389270244,3,0
1,3,R4_sparse,0.0,1,grid,R4_sparse,0.0,3,grid,100,13,0.13,0.07757167427240512,0.20980351440076428,3,0
1,4,R4_sparse,0.0,1,grid,R4_sparse,0.0,4,grid,100,20,0.2,0.13336693333103253,0.28882916559315885,3,0
1,5,R4_sparse,0.0,1,grid,R4_sparse,0.5,0,grid,100,18,0.18,0.11700225498946351,0.2666735838630073,3,0
1,6,R4_sparse,0.0,1,grid,R4_sparse,0.5,1,grid,100,19,0.19,0.12514751509768735,0.27778845379064376,3,0
1,7,R4_sparse,0.0,1,grid,R4_sparse,0.5,2,grid,100,21,0.21,0.14165654061915303,0.29979968834089865,3,0
1,8,R4_sparse,0.0,1,grid,R4_sparse,0.5,3,grid,100,10,0.1,0.0552291370606751,0.17436566150491345,3,0
1,9,R4_sparse,0.0,1,grid,R4_sparse,0.5,4,grid,100,26,0.26,0.18404698464748132,0.3537098944918718,3,0
1,10,R4_sparse,0.0,1,grid,R7_kitchen_sink,0.0,0,grid,100,11,0.11,0.06254196357064568,0.18631296503080313,3,0
1,11,R4_sparse,0.0,1,grid,R7_kitchen_sink,0.0,1,grid,100,15,0.15,0.09305985283656631,0.23283559590832364,3,0
1,12,R4_sparse,0.0,1,grid,R7_kitchen_sink,0.0,2,grid,100,68,0.68,0.5833738138954762,0.7633085267500092,3,0
1,13,R4_sparse,0.0,1,grid,R7_kitchen_sink,0.0,3,grid,100,22,0.22,0.15001282384605402,0.31070353514985793,3,0
1,14,R4_sparse,0.0,1,grid,R7_kitchen_sink,0.0,4,grid,100,47,0.47,0.3751081795934127,0.5671114302990063,3,0
1,15,R4_sparse,0.0,1,grid,R7_kitchen_sink,0.0,5,grid,100,38,0.38,0.29097599252478734,0.47790244704488916,3,0
1,16,R4_sparse,0.0,1,grid,R7_kitchen_sink,0.0,6,grid,100,28,0.28,0.20139685211186212,0.3748802870992116,3,0
1,17,R4_sparse,0.0,1,grid,R7_kitchen_sink,0.0,7,grid,100,21,0.21,0.14165654061915303,0.29979968834089865,3,0
1,18,R4_sparse,0.0,1,grid,R7_kitchen_sink,0.0,8,grid,100,13,0.13,0.07757167427240512,0.20980351440076428,3,0
1,19,R4_sparse,0.0,1,grid,R7_kitchen_sink,0.5,0,grid,100,9,0.09,0.04807254000256516,0.1622621285271631,3,0
1,20,R4_sparse,0.0,1,grid,R7_kitchen_sink,0.5,1,grid,100,43,0.43,0.33733298524110106,0.5278461045078768,3,0
1,21,R4_sparse,0.0,1,grid,R7_kitchen_sink,0.5,2,grid,100,16,0.16,0.10095288488804782,0.24420269389270244,3,0
1,22,R4_sparse,0.0,1,grid,R7_kitchen_sink,0.5,3,grid,100,35,0.35,0.26364248243097527,0.44745556703112027,3,0
1,23,R4_sparse,0.0,1,grid,R7_kitchen_sink,0.5,4,grid,100,26,0.26,0.18404698464748132,0.3537098944918718,3,0
1,24,R4_sparse,0.0,1,grid,R7_kitchen_sink,0.5,5,grid,100,15,0.15,0.09305985283656631,0.23283559590832364,3,0
1,25,R4_sparse,0.0,1,grid,R7_kitchen_sink,0.5,6,grid,100,29,0.29,0.2101483574912227,0.3853889117557111,3,0
1,26,R4_sparse,0.0,1,grid,R7_kitchen_sink,0.5,7,grid,100,44,0.44,0.34672026630160796,0.5377189534832302,3,0
1,27,R4_sparse,0.0,1,grid,R7_kitchen_sink,0.5,8,grid,100,27,0.27,0.1926958414957634,0.36432116767944994,3,0
1,28,R4_sparse,0.0,1,grid,R4_sparse,0.0,42,anchor,100,21,0.21,0.14165654061915303,0.29979968834089865,3,0
1,29,R4_sparse,0.0,1,grid,R4_sparse,0.5,42,anchor,100,14,0.14,0.08526343659939135,0.22137188210963837,3,0
1,30,R4_sparse,0.0,1,grid,R7_kitchen_sink,0.0,42,anchor,100,17,0.17,0.10893566114059931,0.25548004767601123,3,0
1,31,R4_sparse,0.0,1,grid,R7_kitchen_sink,0.5,42,anchor,100,10,0.1,0.0552291370606751,0.17436566150491345,3,0
2,0,R4_sparse,0.0,2,grid,R4_sparse,0.0,0,grid,100,59,0.59,0.4920143005341078,0.6813268697886348,3,0
2,1,R4_sparse,0.0,2,grid,R4_sparse,0.0,1,grid,100,54,0.54,0.44264860323368227,0.6343919169097589,3,0
2,2,R4_sparse,0.0,2,grid,R4_sparse,0.0,2,grid,100,43,0.43,0.33733298524110106,0.5278461045078768,3,1
2,3,R4_sparse,0.0,2,grid,R4_sparse,0.0,3,grid,100,30,0.3,0.2189488529493276,0.3958485463334666,3,0
2,4,R4_sparse,0.0,2,grid,R4_sparse,0.0,4,grid,100,25,0.25,0.17545211362287674,0.34304463548061603,3,0
2,5,R4_sparse,0.0,2,grid,R4_sparse,0.5,0,grid,100,30,0.3,0.2189488529493276,0.3958485463334666,3,0
2,6,R4_sparse,0.0,2,grid,R4_sparse,0.5,1,grid,100,31,0.31,0.22779697212376038,0.40626055719489407,3,0
2,7,R4_sparse,0.0,2,grid,R4_sparse,0.5,2,grid,100,10,0.1,0.0552291370606751,0.17436566150491345,3,0
2,8,R4_sparse,0.0,2,grid,R4_sparse,0.5,3,grid,100,43,0.43,0.33733298524110106,0.5278461045078768,3,0
2,9,R4_sparse,0.0,2,grid,R4_sparse,0.5,4,grid,100,20,0.2,0.13336693333103253,0.28882916559315885,3,0
2,10,R4_sparse,0.0,2,grid,R7_kitchen_sink,0.0,0,grid,100,12,0.12,0.0699940643701949,0.19812099426711421,3,0
2,11,R4_sparse,0.0,2,grid,R7_kitchen_sink,0.0,1,grid,100,11,0.11,0.06254196357064568,0.18631296503080313,3,0
2,12,R4_sparse,0.0,2,grid,R7_kitchen_sink,0.0,2,grid,100,11,0.11,0.06254196357064568,0.18631296503080313,3,0
2,13,R4_sparse,0.0,2,grid,R7_kitchen_sink,0.0,3,grid,100,17,0.17,0.10893566114059931,0.25548004767601123,3,0
2,14,R4_sparse,0.0,2,grid,R7_kitchen_sink,0.0,4,grid,100,13,0.13,0.07757167427240512,0.20980351440076428,3,0
2,15,R4_sparse,0.0,2,grid,R7_kitchen_sink,0.0,5,grid,100,8,0.08,0.041093461484380624,0.14998107700948735,3,0
2,16,R4_sparse,0.0,2,grid,R7_kitchen_sink,0.0,6,grid,100,14,0.14,0.08526343659939135,0.22137188210963837,3,0
2,17,R4_sparse,0.0,2,grid,R7_kitchen_sink,0.0,7,grid,100,21,0.21,0.14165654061915303,0.29979968834089865,3,0
2,18,R4_sparse,0.0,2,grid,R7_kitchen_sink,0.0,8,grid,100,14,0.14,0.08526343659939135,0.22137188210963837,3,0
2,19,R4_sparse,0.0,2,grid,R7_kitchen_sink,0.5,0,grid,100,8,0.08,0.041093461484380624,0.14998107700948735,3,0
2,20,R4_sparse,0.0,2,grid,R7_kitchen_sink,0.5,1,grid,100,7,0.07,0.03431926106727268,0.137495147390735,3,0
2,21,R4_sparse,0.0,2,grid,R7_kitchen_sink,0.5,2,grid,100,18,0.18,0.11700225498946351,0.2666735838630073,3,0
2,22,R4_sparse,0.0,2,grid,R7_kitchen_sink,0.5,3,grid,100,12,0.12,0.0699940643701949,0.19812099426711421,3,0
2,23,R4_sparse,0.0,2,grid,R7_kitchen_sink,0.5,4,grid,100,13,0.13,0.07757167427240512,0.20980351440076428,3,0
2,24,R4_sparse,0.0,2,grid,R7_kitchen_sink,0.5,5,grid,100,53,0.53,0.4328885697009936,0.6248918204065872,3,0
2,25,R4_sparse,0.0,2,grid,R7_kitchen_sink,0.5,6,grid,100,12,0.12,0.0699940643701949,0.19812099426711421,3,0
2,26,R4_sparse,0.0,2,grid,R7_kitchen_sink,0.5,7,grid,100,6,0.06,0.027786123963188192,0.1247681544589592,3,0
2,27,R4_sparse,0.0,2,grid,R7_kitchen_sink,0.5,8,grid,100,11,0.11,0.06254196357064568,0.18631296503080313,3,0
2,28,R4_sparse,0.0,2,grid,R4_sparse,0.0,42,anchor,100,11,0.11,0.06254196357064568,0.18631296503080313,3,0
2,29,R4_sparse,0.0,2,grid,R4_sparse,0.5,42,anchor,100,9,0.09,0.04807254000256516,0.1622621285271631,3,0
2,30,R4_sparse,0.0,2,grid,R7_kitchen_sink,0.0,42,anchor,100,19,0.19,0.12514751509768735,0.27778845379064376,3,0
2,31,R4_sparse,0.0,2,grid,R7_kitchen_sink,0.5,42,anchor,100,51,0.51,0.4134801193402717,0.6057800106955886,3,0
3,0,R4_sparse,0.0,3,grid,R4_sparse,0.0,0,grid,100,97,0.97,0.9154806357094724,0.9897454759759611,3,0
3,1,R4_sparse,0.0,3,grid,R4_sparse,0.0,1,grid,100,73,0.73,0.63567883232055,0.8073041585042364,3,0
3,2,R4_sparse,0.0,3,grid,R4_sparse,0.0,2,grid,100,50,0.5,0.4038315303659956,0.5961684696340044,3,0
3,3,R4_sparse,0.0,3,grid,R4_sparse,0.0,3,grid,100,29,0.29,0.2101483574912227,0.3853889117557111,3,1
3,4,R4_sparse,0.0,3,grid,R4_sparse,0.0,4,grid,100,18,0.18,0.11700225498946351,0.2666735838630073,3,0
3,5,R4_sparse,0.0,3,grid,R4_sparse,0.5,0,grid,100,18,0.18,0.11700225498946351,0.2666735838630073,3,0
3,6,R4_sparse,0.0,3,grid,R4_sparse,0.5,1,grid,100,23,0.23,0.15843265880303448,0.3215438302287378,3,0
3,7,R4_sparse,0.0,3,grid,R4_sparse,0.5,2,grid,100,17,0.17,0.10893566114059931,0.25548004767601123,3,0
3,8,R4_sparse,0.0,3,grid,R4_sparse,0.5,3,grid,100,69,0.69,0.5937394428051057,0.7722030278762395,3,0
3,9,R4_sparse,0.0,3,grid,R4_sparse,0.5,4,grid,100,11,0.11,0.06254196357064568,0.18631296503080313,3,0
3,10,R4_sparse,0.0,3,grid,R7_kitchen_sink,0.0,0,grid,100,14,0.14,0.08526343659939135,0.22137188210963837,3,0
3,11,R4_sparse,0.0,3,grid,R7_kitchen_sink,0.0,1,grid,100,6,0.06,0.027786123963188192,0.1247681544589592,3,0
3,12,R4_sparse,0.0,3,grid,R7_kitchen_sink,0.0,2,grid,100,14,0.14,0.08526343659939135,0.22137188210963837,3,0
3,13,R4_sparse,0.0,3,grid,R7_kitchen_sink,0.0,3,grid,100,15,0.15,0.09305985283656631,0.23283559590832364,3,0
3,14,R4_sparse,0.0,3,grid,R7_kitchen_sink,0.0,4,grid,100,11,0.11,0.06254196357064568,0.18631296503080313,3,0
3,15,R4_sparse,0.0,3,grid,R7_kitchen_sink,0.0,5,grid,100,5,0.05,0.02154367915436796,0.11175046923191913,3,0
3,16,R4_sparse,0.0,3,grid,R7_kitchen_sink,0.0,6,grid,100,10,0.1,0.0552291370606751,0.17436566150491345,3,0
3,17,R4_sparse,0.0,3,grid,R7_kitchen_sink,0.0,7,grid,100,17,0.17,0.10893566114059931,0.25548004767601123,3,0
3,18,R4_sparse,0.0,3,grid,R7_kitchen_sink,0.0,8,grid,100,18,0.18,0.11700225498946351,0.2666735838630073,3,0
3,19,R4_sparse,0.0,3,grid,R7_kitchen_sink,0.5,0,grid,100,14,0.14,0.08526343659939135,0.22137188210963837,3,0
3,20,R4_sparse,0.0,3,grid,R7_kitchen_sink,0.5,1,grid,100,12,0.12,0.0699940643701949,0.19812099426711421,3,0
3,21,R4_sparse,0.0,3,grid,R7_kitchen_sink,0.5,2,grid,100,7,0.07,0.03431926106727268,0.137495147390735,3,0
3,22,R4_sparse,0.0,3,grid,R7_kitchen_sink,0.5,3,grid,100,8,0.08,0.041093461484380624,0.14998107700948735,3,0
3,23,R4_sparse,0.0,3,grid,R7_kitchen_sink,0.5,4,grid,100,7,0.07,0.03431926106727268,0.137495147390735,3,0
3,24,R4_sparse,0.0,3,grid,R7_kitchen_sink,0.5,5,grid,100,40,0.4,0.3094012864324589,0.4979974132089382,3,0
3,25,R4_sparse,0.0,3,grid,R7_kitchen_sink,0.5,6,grid,100,5,0.05,0.02154367915436796,0.11175046923191913,3,0
3,26,R4_sparse,0.0,3,grid,R7_kitchen_sink,0.5,7,grid,100,12,0.12,0.0699940643701949,0.19812099426711421,3,0
3,27,R4_sparse,0.0,3,grid,R7_kitchen_sink,0.5,8,grid,100,15,0.15,0.09305985283656631,0.23283559590832364,3,0
3,28,R4_sparse,0.0,3,grid,R4_sparse,0.0,42,anchor,100,9,0.09,0.04807254000256516,0.1622621285271631,3,0
3,29,R4_sparse,0.0,3,grid,R4_sparse,0.5,42,anchor,100,15,0.15,0.09305985283656631,0.23283559590832364,3,0
3,30,R4_sparse,0.0,3,grid,R7_kitchen_sink,0.0,42,anchor,100,15,0.15,0.09305985283656631,0.23283559590832364,3,0
3,31,R4_sparse,0.0,3,grid,R7_kitchen_sink,0.5,42,anchor,100,98,0.98,0.929988209271456,0.9944980324498376,3,0
4,0,R4_sparse,0.0,4,grid,R4_sparse,0.0,0,grid,100,9,0.09,0.04807254000256516,0.1622621285271631,3,0
4,1,R4_sparse,0.0,4,grid,R4_sparse,0.0,1,grid,100,14,0.14,0.08526343659939135,0.22137188210963837,3,0
4,2,R4_sparse,0.0,4,grid,R4_sparse,0.0,2,grid,100,19,0.19,0.12514751509768735,0.27778845379064376,3,0
4,3,R4_sparse,0.0,4,grid,R4_sparse,0.0,3,grid,100,12,0.12,0.0699940643701949,0.19812099426711421,3,0
4,4,R4_sparse,0.0,4,grid,R4_sparse,0.0,4,grid,100,14,0.14,0.08526343659939135,0.22137188210963837,3,1
4,5,R4_sparse,0.0,4,grid,R4_sparse,0.5,0,grid,100,27,0.27,0.1926958414957634,0.36432116767944994,3,0
4,6,R4_sparse,0.0,4,grid,R4_sparse,0.5,1,grid,100,59,0.59,0.4920143005341078,0.6813268697886348,3,0
4,7,R4_sparse,0.0,4,grid,R4_sparse,0.5,2,grid,100,19,0.19,0.12514751509768735,0.27778845379064376,3,0
4,8,R4_sparse,0.0,4,grid,R4_sparse,0.5,3,grid,100,14,0.14,0.08526343659939135,0.22137188210963837,3,0
4,9,R4_sparse,0.0,4,grid,R4_sparse,0.5,4,grid,100,84,0.84,0.7557973061072976,0.8990471151119521,3,0
4,10,R4_sparse,0.0,4,grid,R7_kitchen_sink,0.0,0,grid,100,13,0.13,0.07757167427240512,0.20980351440076428,3,0
4,11,R4_sparse,0.0,4,grid,R7_kitchen_sink,0.0,1,grid,100,51,0.51,0.4134801193402717,0.6057800106955886,3,0
4,12,R4_sparse,0.0,4,grid,R7_kitchen_sink,0.0,2,grid,100,61,0.61,0.5120301704584073,0.6998312599360558,3,0
4,13,R4_sparse,0.0,4,grid,R7_kitchen_sink,0.0,3,grid,100,72,0.72,0.6251197129007884,0.7986031478881379,3,0
4,14,R4_sparse,0.0,4,grid,R7_kitchen_sink,0.0,4,grid,100,14,0.14,0.08526343659939135,0.22137188210963837,3,0
4,15,R4_sparse,0.0,4,grid,R7_kitchen_sink,0.0,5,grid,100,9,0.09,0.04807254000256516,0.1622621285271631,3,0
4,16,R4_sparse,0.0,4,grid,R7_kitchen_sink,0.0,6,grid,100,80,0.8,0.7111708344068411,0.8666330666689676,3,0
4,17,R4_sparse,0.0,4,grid,R7_kitchen_sink,0.0,7,grid,100,72,0.72,0.6251197129007884,0.7986031478881379,3,0
4,18,R4_sparse,0.0,4,grid,R7_kitchen_sink,0.0,8,grid,100,15,0.15,0.09305985283656631,0.23283559590832364,3,0
4,19,R4_sparse,0.0,4,grid,R7_kitchen_sink,0.5,0,grid,100,25,0.25,0.17545211362287674,0.34304463548061603,3,0
4,20,R4_sparse,0.0,4,grid,R7_kitchen_sink,0.5,1,grid,100,21,0.21,0.14165654061915303,0.29979968834089865,3,0
4,21,R4_sparse,0.0,4,grid,R7_kitchen_sink,0.5,2,grid,100,58,0.58,0.4820648670304296,0.6720161732564526,3,0
4,22,R4_sparse,0.0,4,grid,R7_kitchen_sink,0.5,3,grid,100,50,0.5,0.4038315303659956,0.5961684696340044,3,0
4,23,R4_sparse,0.0,4,grid,R7_kitchen_sink,0.5,4,grid,100,72,0.72,0.6251197129007884,0.7986031478881379,3,0
4,24,R4_sparse,0.0,4,grid,R7_kitchen_sink,0.5,5,grid,100,50,0.5,0.4038315303659956,0.5961684696340044,3,0
4,25,R4_sparse,0.0,4,grid,R7_kitchen_sink,0.5,6,grid,100,25,0.25,0.17545211362287674,0.34304463548061603,3,0
4,26,R4_sparse,0.0,4,grid,R7_kitchen_sink,0.5,7,grid,100,13,0.13,0.07757167427240512,0.20980351440076428,3,0
4,27,R4_sparse,0.0,4,grid,R7_kitchen_sink,0.5,8,grid,100,12,0.12,0.0699940643701949,0.19812099426711421,3,0
4,28,R4_sparse,0.0,4,grid,R4_sparse,0.0,42,anchor,100,70,0.7,0.6041514536665332,0.7810511470506724,3,0
4,29,R4_sparse,0.0,4,grid,R4_sparse,0.5,42,anchor,100,13,0.13,0.07757167427240512,0.20980351440076428,3,0
4,30,R4_sparse,0.0,4,grid,R7_kitchen_sink,0.0,42,anchor,100,80,0.8,0.7111708344068411,0.8666330666689676,3,0
4,31,R4_sparse,0.0,4,grid,R7_kitchen_sink,0.5,42,anchor,100,13,0.13,0.07757167427240512,0.20980351440076428,3,0
5,0,R4_sparse,0.5,0,grid,R4_sparse,0.0,0,grid,100,44,0.44,0.34672026630160796,0.5377189534832302,3,0
5,1,R4_sparse,0.5,0,grid,R4_sparse,0.0,1,grid,100,38,0.38,0.29097599252478734,0.47790244704488916,3,0
5,2,R4_sparse,0.5,0,grid,R4_sparse,0.0,2,grid,100,30,0.3,0.2189488529493276,0.3958485463334666,3,0
5,3,R4_sparse,0.5,0,grid,R4_sparse,0.0,3,grid,100,28,0.28,0.20139685211186212,0.3748802870992116,3,0
5,4,R4_sparse,0.5,0,grid,R4_sparse,0.0,4,grid,100,24,0.24,0.16691325556948772,0.33232336349814473,3,0
5,5,R4_sparse,0.5,0,grid,R4_sparse,0.5,0,grid,100,29,0.29,0.2101483574912227,0.3853889117557111,3,1
5,6,R4_sparse,0.5,0,grid,R4_sparse,0.5,1,grid,100,21,0.21,0.14165654061915303,0.29979968834089865,3,0
5,7,R4_sparse,0.5,0,grid,R4_sparse,0.5,2,grid,100,21,0.21,0.14165654061915303,0.29979968834089865,3,0
5,8,R4_sparse,0.5,0,grid,R4_sparse,0.5,3,grid,100,48,0.48,0.384645517580519,0.5768342223477603,3,0
5,9,R4_sparse,0.5,0,grid,R4_sparse,0.5,4,grid,100,19,0.19,0.12514751509768735,0.27778845379064376,3,0
5,10,R4_sparse,0.5,0,grid,R7_kitchen_sink,0.0,0,grid,100,15,0.15,0.09305985283656631,0.23283559590832364,3,0
5,11,R4_sparse,0.5,0,grid,R7_kitchen_sink,0.0,1,grid,100,13,0.13,0.07757167427240512,0.20980351440076428,3,0
5,12,R4_sparse,0.5,0,grid,R7_kitchen_sink,0.0,2,grid,100,22,0.22,0.15001282384605402,0.31070353514985793,3,0
5,13,R4_sparse,0.5,0,grid,R7_kitchen_sink,0.0,3,grid,100,12,0.12,0.0699940643701949,0.19812099426711421,3,0
5,14,R4_sparse,0.5,0,grid,R7_kitchen_sink,0.0,4,grid,100,12,0.12,0.0699940643701949,0.19812099426711421,3,0
5,15,R4_sparse,0.5,0,grid,R7_kitchen_sink,0.0,5,grid,100,12,0.12,0.0699940643701949,0.19812099426711421,3,0
5,16,R4_sparse,0.5,0,grid,R7_kitchen_sink,0.0,6,grid,100,20,0.2,0.13336693333103253,0.28882916559315885,3,0
5,17,R4_sparse,0.5,0,grid,R7_kitchen_sink,0.0,7,grid,100,26,0.26,0.18404698464748132,0.3537098944918718,3,0
5,18,R4_sparse,0.5,0,grid,R7_kitchen_sink,0.0,8,grid,100,12,0.12,0.0699940643701949,0.19812099426711421,3,0
5,19,R4_sparse,0.5,0,grid,R7_kitchen_sink,0.5,0,grid,100,12,0.12,0.0699940643701949,0.19812099426711421,3,0
5,20,R4_sparse,0.5,0,grid,R7_kitchen_sink,0.5,1,grid,100,14,0.14,0.08526343659939135,0.22137188210963837,3,0
5,21,R4_sparse,0.5,0,grid,R7_kitchen_sink,0.5,2,grid,100,9,0.09,0.04807254000256516,0.1622621285271631,3,0
5,22,R4_sparse,0.5,0,grid,R7_kitchen_sink,0.5,3,grid,100,12,0.12,0.0699940643701949,0.19812099426711421,3,0
5,23,R4_sparse,0.5,0,grid,R7_kitchen_sink,0.5,4,grid,100,10,0.1,0.0552291370606751,0.17436566150491345,3,0
5,24,R4_sparse,0.5,0,grid,R7_kitchen_sink,0.5,5,grid,100,15,0.15,0.09305985283656631,0.23283559590832364,3,0
5,25,R4_sparse,0.5,0,grid,R7_kitchen_sink,0.5,6,grid,100,7,0.07,0.03431926106727268,0.137495147390735,3,0
5,26,R4_sparse,0.5,0,grid,R7_kitchen_sink,0.5,7,grid,100,11,0.11,0.06254196357064568,0.18631296503080313,3,0
5,27,R4_sparse,0.5,0,grid,R7_kitchen_sink,0.5,8,grid,100,20,0.2,0.13336693333103253,0.28882916559315885,3,0
5,28,R4_sparse,0.5,0,grid,R4_sparse,0.0,42,anchor,100,19,0.19,0.12514751509768735,0.27778845379064376,3,0
5,29,R4_sparse,0.5,0,grid,R4_sparse,0.5,42,anchor,100,11,0.11,0.06254196357064568,0.18631296503080313,3,0
5,30,R4_sparse,0.5,0,grid,R7_kitchen_sink,0.0,42,anchor,100,13,0.13,0.07757167427240512,0.20980351440076428,3,0
5,31,R4_sparse,0.5,0,grid,R7_kitchen_sink,0.5,42,anchor,100,42,0.42,0.3279838267435473,0.5179351329695703,3,0
6,0,R4_sparse,0.5,1,grid,R4_sparse,0.0,0,grid,100,16,0.16,0.10095288488804782,0.24420269389270244,3,0
6,1,R4_sparse,0.5,1,grid,R4_sparse,0.0,1,grid,100,17,0.17,0.10893566114059931,0.25548004767601123,3,0
6,2,R4_sparse,0.5,1,grid,R4_sparse,0.0,2,grid,100,14,0.14,0.08526343659939135,0.22137188210963837,3,0
6,3,R4_sparse,0.5,1,grid,R4_sparse,0.0,3,grid,100,9,0.09,0.04807254000256516,0.1622621285271631,3,0
6,4,R4_sparse,0.5,1,grid,R4_sparse,0.0,4,grid,100,14,0.14,0.08526343659939135,0.22137188210963837,3,0
6,5,R4_sparse,0.5,1,grid,R4_sparse,0.5,0,grid,100,22,0.22,0.15001282384605402,0.31070353514985793,3,0
6,6,R4_sparse,0.5,1,grid,R4_sparse,0.5,1,grid,100,31,0.31,0.22779697212376038,0.40626055719489407,3,1
6,7,R4_sparse,0.5,1,grid,R4_sparse,0.5,2,grid,100,25,0.25,0.17545211362287674,0.34304463548061603,3,0
6,8,R4_sparse,0.5,1,grid,R4_sparse,0.5,3,grid,100,6,0.06,0.027786123963188192,0.1247681544589592,3,0
6,9,R4_sparse,0.5,1,grid,R4_sparse,0.5,4,grid,100,24,0.24,0.16691325556948772,0.33232336349814473,3,0
6,10,R4_sparse,0.5,1,grid,R7_kitchen_sink,0.0,0,grid,100,10,0.1,0.0552291370606751,0.17436566150491345,3,0
6,11,R4_sparse,0.5,1,grid,R7_kitchen_sink,0.0,1,grid,100,18,0.18,0.11700225498946351,0.2666735838630073,3,0
6,12,R4_sparse,0.5,1,grid,R7_kitchen_sink,0.0,2,grid,100,63,0.63,0.5322052958094291,0.7181763946567546,3,0
6,13,R4_sparse,0.5,1,grid,R7_kitchen_sink,0.0,3,grid,100,30,0.3,0.2189488529493276,0.3958485463334666,3,0
6,14,R4_sparse,0.5,1,grid,R7_kitchen_sink,0.0,4,grid,100,46,0.46,0.36560808309024106,0.5573513967663177,3,0
6,15,R4_sparse,0.5,1,grid,R7_kitchen_sink,0.0,5,grid,100,40,0.4,0.3094012864324589,0.4979974132089382,3,0
6,16,R4_sparse,0.5,1,grid,R7_kitchen_sink,0.0,6,grid,100,35,0.35,0.26364248243097527,0.44745556703112027,3,0
6,17,R4_sparse,0.5,1,grid,R7_kitchen_sink,0.0,7,grid,100,28,0.28,0.20139685211186212,0.3748802870992116,3,0
6,18,R4_sparse,0.5,1,grid,R7_kitchen_sink,0.0,8,grid,100,15,0.15,0.09305985283656631,0.23283559590832364,3,0
6,19,R4_sparse,0.5,1,grid,R7_kitchen_sink,0.5,0,grid,100,14,0.14,0.08526343659939135,0.22137188210963837,3,0
6,20,R4_sparse,0.5,1,grid,R7_kitchen_sink,0.5,1,grid,100,40,0.4,0.3094012864324589,0.4979974132089382,3,0
6,21,R4_sparse,0.5,1,grid,R7_kitchen_sink,0.5,2,grid,100,18,0.18,0.11700225498946351,0.2666735838630073,3,0
6,22,R4_sparse,0.5,1,grid,R7_kitchen_sink,0.5,3,grid,100,42,0.42,0.3279838267435473,0.5179351329695703,3,0
6,23,R4_sparse,0.5,1,grid,R7_kitchen_sink,0.5,4,grid,100,32,0.32,0.23669147324999093,0.41662618610452384,3,0
6,24,R4_sparse,0.5,1,grid,R7_kitchen_sink,0.5,5,grid,100,16,0.16,0.10095288488804782,0.24420269389270244,3,0
6,25,R4_sparse,0.5,1,grid,R7_kitchen_sink,0.5,6,grid,100,35,0.35,0.26364248243097527,0.44745556703112027,3,0
6,26,R4_sparse,0.5,1,grid,R7_kitchen_sink,0.5,7,grid,100,29,0.29,0.2101483574912227,0.3853889117557111,3,0
6,27,R4_sparse,0.5,1,grid,R7_kitchen_sink,0.5,8,grid,100,30,0.3,0.2189488529493276,0.3958485463334666,3,0
6,28,R4_sparse,0.5,1,grid,R4_sparse,0.0,42,anchor,100,21,0.21,0.14165654061915303,0.29979968834089865,3,0
6,29,R4_sparse,0.5,1,grid,R4_sparse,0.5,42,anchor,100,17,0.17,0.10893566114059931,0.25548004767601123,3,0
6,30,R4_sparse,0.5,1,grid,R7_kitchen_sink,0.0,42,anchor,100,24,0.24,0.16691325556948772,0.33232336349814473,3,0
6,31,R4_sparse,0.5,1,grid,R7_kitchen_sink,0.5,42,anchor,100,7,0.07,0.03431926106727268,0.137495147390735,3,0
7,0,R4_sparse,0.5,2,grid,R4_sparse,0.0,0,grid,100,12,0.12,0.0699940643701949,0.19812099426711421,3,0
7,1,R4_sparse,0.5,2,grid,R4_sparse,0.0,1,grid,100,14,0.14,0.08526343659939135,0.22137188210963837,3,0
7,2,R4_sparse,0.5,2,grid,R4_sparse,0.0,2,grid,100,14,0.14,0.08526343659939135,0.22137188210963837,3,0
7,3,R4_sparse,0.5,2,grid,R4_sparse,0.0,3,grid,100,19,0.19,0.12514751509768735,0.27778845379064376,3,0
7,4,R4_sparse,0.5,2,grid,R4_sparse,0.0,4,grid,100,19,0.19,0.12514751509768735,0.27778845379064376,3,0
7,5,R4_sparse,0.5,2,grid,R4_sparse,0.5,0,grid,100,12,0.12,0.0699940643701949,0.19812099426711421,3,0
7,6,R4_sparse,0.5,2,grid,R4_sparse,0.5,1,grid,100,12,0.12,0.0699940643701949,0.19812099426711421,3,0
7,7,R4_sparse,0.5,2,grid,R4_sparse,0.5,2,grid,100,31,0.31,0.22779697212376038,0.40626055719489407,3,1
7,8,R4_sparse,0.5,2,grid,R4_sparse,0.5,3,grid,100,13,0.13,0.07757167427240512,0.20980351440076428,3,0
7,9,R4_sparse,0.5,2,grid,R4_sparse,0.5,4,grid,100,7,0.07,0.03431926106727268,0.137495147390735,3,0
7,10,R4_sparse,0.5,2,grid,R7_kitchen_sink,0.0,0,grid,100,12,0.12,0.0699940643701949,0.19812099426711421,3,0
7,11,R4_sparse,0.5,2,grid,R7_kitchen_sink,0.0,1,grid,100,12,0.12,0.0699940643701949,0.19812099426711421,3,0
7,12,R4_sparse,0.5,2,grid,R7_kitchen_sink,0.0,2,grid,100,48,0.48,0.384645517580519,0.5768342223477603,3,0
7,13,R4_sparse,0.5,2,grid,R7_kitchen_sink,0.0,3,grid,100,19,0.19,0.12514751509768735,0.27778845379064376,3,0
7,14,R4_sparse,0.5,2,grid,R7_kitchen_sink,0.0,4,grid,100,59,0.59,0.4920143005341078,0.6813268697886348,3,0
7,15,R4_sparse,0.5,2,grid,R7_kitchen_sink,0.0,5,grid,100,57,0.57,0.47215389549212305,0.6626670147588988,3,0
7,16,R4_sparse,0.5,2,grid,R7_kitchen_sink,0.0,6,grid,100,13,0.13,0.07757167427240512,0.20980351440076428,3,0
7,17,R4_sparse,0.5,2,grid,R7_kitchen_sink,0.0,7,grid,100,20,0.2,0.13336693333103253,0.28882916559315885,3,0
7,18,R4_sparse,0.5,2,grid,R7_kitchen_sink,0.0,8,grid,100,19,0.19,0.12514751509768735,0.27778845379064376,3,0
7,19,R4_sparse,0.5,2,grid,R7_kitchen_sink,0.5,0,grid,100,23,0.23,0.15843265880303448,0.3215438302287378,3,0
7,20,R4_sparse,0.5,2,grid,R7_kitchen_sink,0.5,1,grid,100,58,0.58,0.4820648670304296,0.6720161732564526,3,0
7,21,R4_sparse,0.5,2,grid,R7_kitchen_sink,0.5,2,grid,100,10,0.1,0.0552291370606751,0.17436566150491345,3,0
7,22,R4_sparse,0.5,2,grid,R7_kitchen_sink,0.5,3,grid,100,11,0.11,0.06254196357064568,0.18631296503080313,3,0
7,23,R4_sparse,0.5,2,grid,R7_kitchen_sink,0.5,4,grid,100,14,0.14,0.08526343659939135,0.22137188210963837,3,0
7,24,R4_sparse,0.5,2,grid,R7_kitchen_sink,0.5,5,grid,100,9,0.09,0.04807254000256516,0.1622621285271631,3,0
7,25,R4_sparse,0.5,2,grid,R7_kitchen_sink,0.5,6,grid,100,32,0.32,0.23669147324999093,0.41662618610452384,3,0
7,26,R4_sparse,0.5,2,grid,R7_kitchen_sink,0.5,7,grid,100,53,0.53,0.4328885697009936,0.6248918204065872,3,0
7,27,R4_sparse,0.5,2,grid,R7_kitchen_sink,0.5,8,grid,100,43,0.43,0.33733298524110106,0.5278461045078768,3,0
7,28,R4_sparse,0.5,2,grid,R4_sparse,0.0,42,anchor,100,13,0.13,0.07757167427240512,0.20980351440076428,3,0
7,29,R4_sparse,0.5,2,grid,R4_sparse,0.5,42,anchor,100,14,0.14,0.08526343659939135,0.22137188210963837,3,0
7,30,R4_sparse,0.5,2,grid,R7_kitchen_sink,0.0,42,anchor,100,15,0.15,0.09305985283656631,0.23283559590832364,3,0
7,31,R4_sparse,0.5,2,grid,R7_kitchen_sink,0.5,42,anchor,100,17,0.17,0.10893566114059931,0.25548004767601123,3,0
8,0,R4_sparse,0.5,3,grid,R4_sparse,0.0,0,grid,100,53,0.53,0.4328885697009936,0.6248918204065872,3,0
8,1,R4_sparse,0.5,3,grid,R4_sparse,0.0,1,grid,100,46,0.46,0.36560808309024106,0.5573513967663177,3,0
8,2,R4_sparse,0.5,3,grid,R4_sparse,0.0,2,grid,100,44,0.44,0.34672026630160796,0.5377189534832302,3,0
8,3,R4_sparse,0.5,3,grid,R4_sparse,0.0,3,grid,100,31,0.31,0.22779697212376038,0.40626055719489407,3,0
8,4,R4_sparse,0.5,3,grid,R4_sparse,0.0,4,grid,100,21,0.21,0.14165654061915303,0.29979968834089865,3,0
8,5,R4_sparse,0.5,3,grid,R4_sparse,0.5,0,grid,100,26,0.26,0.18404698464748132,0.3537098944918718,3,0
8,6,R4_sparse,0.5,3,grid,R4_sparse,0.5,1,grid,100,10,0.1,0.0552291370606751,0.17436566150491345,3,0
8,7,R4_sparse,0.5,3,grid,R4_sparse,0.5,2,grid,100,13,0.13,0.07757167427240512,0.20980351440076428,3,0
8,8,R4_sparse,0.5,3,grid,R4_sparse,0.5,3,grid,100,59,0.59,0.4920143005341078,0.6813268697886348,3,1
8,9,R4_sparse,0.5,3,grid,R4_sparse,0.5,4,grid,100,15,0.15,0.09305985283656631,0.23283559590832364,3,0
8,10,R4_sparse,0.5,3,grid,R7_kitchen_sink,0.0,0,grid,100,15,0.15,0.09305985283656631,0.23283559590832364,3,0
8,11,R4_sparse,0.5,3,grid,R7_kitchen_sink,0.0,1,grid,100,8,0.08,0.041093461484380624,0.14998107700948735,3,0
8,12,R4_sparse,0.5,3,grid,R7_kitchen_sink,0.0,2,grid,100,16,0.16,0.10095288488804782,0.24420269389270244,3,0
8,13,R4_sparse,0.5,3,grid,R7_kitchen_sink,0.0,3,grid,100,11,0.11,0.06254196357064568,0.18631296503080313,3,0
8,14,R4_sparse,0.5,3,grid,R7_kitchen_sink,0.0,4,grid,100,11,0.11,0.06254196357064568,0.18631296503080313,3,0
8,15,R4_sparse,0.5,3,grid,R7_kitchen_sink,0.0,5,grid,100,12,0.12,0.0699940643701949,0.19812099426711421,3,0
8,16,R4_sparse,0.5,3,grid,R7_kitchen_sink,0.0,6,grid,100,14,0.14,0.08526343659939135,0.22137188210963837,3,0
8,17,R4_sparse,0.5,3,grid,R7_kitchen_sink,0.0,7,grid,100,26,0.26,0.18404698464748132,0.3537098944918718,3,0
8,18,R4_sparse,0.5,3,grid,R7_kitchen_sink,0.0,8,grid,100,15,0.15,0.09305985283656631,0.23283559590832364,3,0
8,19,R4_sparse,0.5,3,grid,R7_kitchen_sink,0.5,0,grid,100,17,0.17,0.10893566114059931,0.25548004767601123,3,0
8,20,R4_sparse,0.5,3,grid,R7_kitchen_sink,0.5,1,grid,100,18,0.18,0.11700225498946351,0.2666735838630073,3,0
8,21,R4_sparse,0.5,3,grid,R7_kitchen_sink,0.5,2,grid,100,21,0.21,0.14165654061915303,0.29979968834089865,3,0
8,22,R4_sparse,0.5,3,grid,R7_kitchen_sink,0.5,3,grid,100,12,0.12,0.0699940643701949,0.19812099426711421,3,0
8,23,R4_sparse,0.5,3,grid,R7_kitchen_sink,0.5,4,grid,100,8,0.08,0.041093461484380624,0.14998107700948735,3,0
8,24,R4_sparse,0.5,3,grid,R7_kitchen_sink,0.5,5,grid,100,30,0.3,0.2189488529493276,0.3958485463334666,3,0
8,25,R4_sparse,0.5,3,grid,R7_kitchen_sink,0.5,6,grid,100,12,0.12,0.0699940643701949,0.19812099426711421,3,0
8,26,R4_sparse,0.5,3,grid,R7_kitchen_sink,0.5,7,grid,100,9,0.09,0.04807254000256516,0.1622621285271631,3,0
8,27,R4_sparse,0.5,3,grid,R7_kitchen_sink,0.5,8,grid,100,14,0.14,0.08526343659939135,0.22137188210963837,3,0
8,28,R4_sparse,0.5,3,grid,R4_sparse,0.0,42,anchor,100,14,0.14,0.08526343659939135,0.22137188210963837,3,0
8,29,R4_sparse,0.5,3,grid,R4_sparse,0.5,42,anchor,100,11,0.11,0.06254196357064568,0.18631296503080313,3,0
8,30,R4_sparse,0.5,3,grid,R7_kitchen_sink,0.0,42,anchor,100,12,0.12,0.0699940643701949,0.19812099426711421,3,0
8,31,R4_sparse,0.5,3,grid,R7_kitchen_sink,0.5,42,anchor,100,49,0.49,0.3942199893044113,0.5865198806597283,3,0
9,0,R4_sparse,0.5,4,grid,R4_sparse,0.0,0,grid,100,90,0.9,0.8256343384950865,0.9447708629393249,3,0
9,1,R4_sparse,0.5,4,grid,R4_sparse,0.0,1,grid,100,82,0.82,0.7333264161369926,0.8829977450105364,3,0
9,2,R4_sparse,0.5,4,grid,R4_sparse,0.0,2,grid,100,93,0.93,0.8625048526092651,0.9656807389327273,3,0
9,3,R4_sparse,0.5,4,grid,R4_sparse,0.0,3,grid,100,44,0.44,0.34672026630160796,0.5377189534832302,3,0
9,4,R4_sparse,0.5,4,grid,R4_sparse,0.0,4,grid,100,15,0.15,0.09305985283656631,0.23283559590832364,3,0
9,5,R4_sparse,0.5,4,grid,R4_sparse,0.5,0,grid,100,57,0.57,0.47215389549212305,0.6626670147588988,3,0
9,6,R4_sparse,0.5,4,grid,R4_sparse,0.5,1,grid,100,77,0.77,0.6784561697712622,0.8415673411969654,3,0
9,7,R4_sparse,0.5,4,grid,R4_sparse,0.5,2,grid,100,10,0.1,0.0552291370606751,0.17436566150491345,3,0
9,8,R4_sparse,0.5,4,grid,R4_sparse,0.5,3,grid,100,64,0.64,0.5423540245160874,0.7272877959859567,3,0
9,9,R4_sparse,0.5,4,grid,R4_sparse,0.5,4,grid,100,56,0.56,0.4622810465167699,0.6532797336983921,3,1
9,10,R4_sparse,0.5,4,grid,R7_kitchen_sink,0.0,0,grid,100,10,0.1,0.0552291370606751,0.17436566150491345,3,0
9,11,R4_sparse,0.5,4,grid,R7_kitchen_sink,0.0,1,grid,100,40,0.4,0.3094012864324589,0.4979974132089382,3,0
9,12,R4_sparse,0.5,4,grid,R7_kitchen_sink,0.0,2,grid,100,46,0.46,0.36560808309024106,0.5573513967663177,3,0
9,13,R4_sparse,0.5,4,grid,R7_kitchen_sink,0.0,3,grid,100,71,0.71,0.6146110882442888,0.7898516425087772,3,0
9,14,R4_sparse,0.5,4,grid,R7_kitchen_sink,0.0,4,grid,100,15,0.15,0.09305985283656631,0.23283559590832364,3,0
9,15,R4_sparse,0.5,4,grid,R7_kitchen_sink,0.0,5,grid,100,13,0.13,0.07757167427240512,0.20980351440076428,3,0
9,16,R4_sparse,0.5,4,grid,R7_kitchen_sink,0.0,6,grid,100,57,0.57,0.47215389549212305,0.6626670147588988,3,0
9,17,R4_sparse,0.5,4,grid,R7_kitchen_sink,0.0,7,grid,100,52,0.52,0.4231657776522397,0.615354482419481,3,0
9,18,R4_sparse,0.5,4,grid,R7_kitchen_sink,0.0,8,grid,100,9,0.09,0.04807254000256516,0.1622621285271631,3,0
9,19,R4_sparse,0.5,4,grid,R7_kitchen_sink,0.5,0,grid,100,13,0.13,0.07757167427240512,0.20980351440076428,3,0
9,20,R4_sparse,0.5,4,grid,R7_kitchen_sink,0.5,1,grid,100,13,0.13,0.07757167427240512,0.20980351440076428,3,0
9,21,R4_sparse,0.5,4,grid,R7_kitchen_sink,0.5,2,grid,100,40,0.4,0.3094012864324589,0.4979974132089382,3,0
9,22,R4_sparse,0.5,4,grid,R7_kitchen_sink,0.5,3,grid,100,38,0.38,0.29097599252478734,0.47790244704488916,3,0
9,23,R4_sparse,0.5,4,grid,R7_kitchen_sink,0.5,4,grid,100,55,0.55,0.45244602997442135,0.6438546202048803,3,0
9,24,R4_sparse,0.5,4,grid,R7_kitchen_sink,0.5,5,grid,100,83,0.83,0.7445199523239887,0.8910643388594006,3,0
9,25,R4_sparse,0.5,4,grid,R7_kitchen_sink,0.5,6,grid,100,14,0.14,0.08526343659939135,0.22137188210963837,3,0
9,26,R4_sparse,0.5,4,grid,R7_kitchen_sink,0.5,7,grid,100,7,0.07,0.03431926106727268,0.137495147390735,3,0
9,27,R4_sparse,0.5,4,grid,R7_kitchen_sink,0.5,8,grid,100,8,0.08,0.041093461484380624,0.14998107700948735,3,0
9,28,R4_sparse,0.5,4,grid,R4_sparse,0.0,42,anchor,100,63,0.63,0.5322052958094291,0.7181763946567546,3,0
9,29,R4_sparse,0.5,4,grid,R4_sparse,0.5,42,anchor,100,9,0.09,0.04807254000256516,0.1622621285271631,3,0
9,30,R4_sparse,0.5,4,grid,R7_kitchen_sink,0.0,42,anchor,100,58,0.58,0.4820648670304296,0.6720161732564526,3,0
9,31,R4_sparse,0.5,4,grid,R7_kitchen_sink,0.5,42,anchor,100,94,0.94,0.8752318455410406,0.9722138760368118,3,0
10,0,R7_kitchen_sink,0.0,0,grid,R4_sparse,0.0,0,grid,100,55,0.55,0.45244602997442135,0.6438546202048803,3,0
10,1,R7_kitchen_sink,0.0,0,grid,R4_sparse,0.0,1,grid,100,60,0.6,0.5020025867910618,0.6905987135675411,3,0
10,2,R7_kitchen_sink,0.0,0,grid,R4_sparse,0.0,2,grid,100,44,0.44,0.34672026630160796,0.5377189534832302,3,0
10,3,R7_kitchen_sink,0.0,0,grid,R4_sparse,0.0,3,grid,100,79,0.79,0.7002003116591013,0.858343459380847,3,0
10,4,R7_kitchen_sink,0.0,0,grid,R4_sparse,0.0,4,grid,100,86,0.86,0.7786281178903616,0.9147365634006086,3,0
10,5,R7_kitchen_sink,0.0,0,grid,R4_sparse,0.5,0,grid,100,24,0.24,0.16691325556948772,0.33232336349814473,3,0
10,6,R7_kitchen_sink,0.0,0,grid,R4_sparse,0.5,1,grid,100,29,0.29,0.2101483574912227,0.3853889117557111,3,0
10,7,R7_kitchen_sink,0.0,0,grid,R4_sparse,0.5,2,grid,100,51,0.51,0.4134801193402717,0.6057800106955886,3,0
10,8,R7_kitchen_sink,0.0,0,grid,R4_sparse,0.5,3,grid,100,81,0.81,0.7222115462093562,0.8748524849023126,3,0
10,9,R7_kitchen_sink,0.0,0,grid,R4_sparse,0.5,4,grid,100,16,0.16,0.10095288488804782,0.24420269389270244,3,0
10,10,R7_kitchen_sink,0.0,0,grid,R7_kitchen_sink,0.0,0,grid,100,100,1.0,0.9630065017930143,1.0,3,1
10,11,R7_kitchen_sink,0.0,0,grid,R7_kitchen_sink,0.0,1,grid,100,24,0.24,0.16691325556948772,0.33232336349814473,3,0
10,12,R7_kitchen_sink,0.0,0,grid,R7_kitchen_sink,0.0,2,grid,100,53,0.53,0.4328885697009936,0.6248918204065872,3,0
10,13,R7_kitchen_sink,0.0,0,grid,R7_kitchen_sink,0.0,3,grid,100,13,0.13,0.07757167427240512,0.20980351440076428,3,0
10,14,R7_kitchen_sink,0.0,0,grid,R7_kitchen_sink,0.0,4,grid,100,52,0.52,0.4231657776522397,0.615354482419481,3,0
10,15,R7_kitchen_sink,0.0,0,grid,R7_kitchen_sink,0.0,5,grid,100,61,0.61,0.5120301704584073,0.6998312599360558,3,0
10,16,R7_kitchen_sink,0.0,0,grid,R7_kitchen_sink,0.0,6,grid,100,24,0.24,0.16691325556948772,0.33232336349814473,3,0
10,17,R7_kitchen_sink,0.0,0,grid,R7_kitchen_sink,0.0,7,grid,100,93,0.93,0.8625048526092651,0.9656807389327273,3,0
10,18,R7_kitchen_sink,0.0,0,grid,R7_kitchen_sink,0.0,8,grid,100,100,1.0,0.9630065017930143,1.0,3,0
10,19,R7_kitchen_sink,0.0,0,grid,R7_kitchen_sink,0.5,0,grid,100,100,1.0,0.9630065017930143,1.0,3,0
10,20,R7_kitchen_sink,0.0,0,grid,R7_kitchen_sink,0.5,1,grid,100,55,0.55,0.45244602997442135,0.6438546202048803,3,0
10,21,R7_kitchen_sink,0.0,0,grid,R7_kitchen_sink,0.5,2,grid,100,32,0.32,0.23669147324999093,0.41662618610452384,3,0
10,22,R7_kitchen_sink,0.0,0,grid,R7_kitchen_sink,0.5,3,grid,100,20,0.2,0.13336693333103253,0.28882916559315885,3,0
10,23,R7_kitchen_sink,0.0,0,grid,R7_kitchen_sink,0.5,4,grid,100,22,0.22,0.15001282384605402,0.31070353514985793,3,0
10,24,R7_kitchen_sink,0.0,0,grid,R7_kitchen_sink,0.5,5,grid,100,31,0.31,0.22779697212376038,0.40626055719489407,3,0
10,25,R7_kitchen_sink,0.0,0,grid,R7_kitchen_sink,0.5,6,grid,100,33,0.33,0.24563122734128034,0.4269465620490947,3,0
10,26,R7_kitchen_sink,0.0,0,grid,R7_kitchen_sink,0.5,7,grid,100,59,0.59,0.4920143005341078,0.6813268697886348,3,0
10,27,R7_kitchen_sink,0.0,0,grid,R7_kitchen_sink,0.5,8,grid,100,67,0.67,0.5730534379509052,0.7543687726587197,3,0
10,28,R7_kitchen_sink,0.0,0,grid,R4_sparse,0.0,42,anchor,100,24,0.24,0.16691325556948772,0.33232336349814473,3,0
10,29,R7_kitchen_sink,0.0,0,grid,R4_sparse,0.5,42,anchor,100,100,1.0,0.9630065017930143,1.0,3,0
10,30,R7_kitchen_sink,0.0,0,grid,R7_kitchen_sink,0.0,42,anchor,100,23,0.23,0.15843265880303448,0.3215438302287378,3,0
10,31,R7_kitchen_sink,0.0,0,grid,R7_kitchen_sink,0.5,42,anchor,100,71,0.71,0.6146110882442888,0.7898516425087772,3,0
11,0,R7_kitchen_sink,0.0,1,grid,R4_sparse,0.0,0,grid,100,34,0.34,0.25461520797348164,0.43722271145275377,3,0
11,1,R7_kitchen_sink,0.0,1,grid,R4_sparse,0.0,1,grid,100,55,0.55,0.45244602997442135,0.6438546202048803,3,0
11,2,R7_kitchen_sink,0.0,1,grid,R4_sparse,0.0,2,grid,100,65,0.65,0.5525444329688796,0.7363575175690247,3,0
11,3,R7_kitchen_sink,0.0,1,grid,R4_sparse,0.0,3,grid,100,43,0.43,0.33733298524110106,0.5278461045078768,3,0
11,4,R7_kitchen_sink,0.0,1,grid,R4_sparse,0.0,4,grid,100,77,0.77,0.6784561697712622,0.8415673411969654,3,0
11,5,R7_kitchen_sink,0.0,1,grid,R4_sparse,0.5,0,grid,100,89,0.89,0.8136870349691969,0.9374580364293543,3,0
11,6,R7_kitchen_sink,0.0,1,grid,R4_sparse,0.5,1,grid,100,100,1.0,0.9630065017930143,1.0,3,0
11,7,R7_kitchen_sink,0.0,1,grid,R4_sparse,0.5,2,grid,100,78,0.78,0.6892964648501421,0.8499871761539459,3,0
11,8,R7_kitchen_sink,0.0,1,grid,R4_sparse,0.5,3,grid,100,56,0.56,0.4622810465167699,0.6532797336983921,3,0
11,9,R7_kitchen_sink,0.0,1,grid,R4_sparse,0.5,4,grid,100,100,1.0,0.9630065017930143,1.0,3,0
11,10,R7_kitchen_sink,0.0,1,grid,R7_kitchen_sink,0.0,0,grid,100,83,0.83,0.7445199523239887,0.8910643388594006,3,0
11,11,R7_kitchen_sink,0.0,1,grid,R7_kitchen_sink,0.0,1,grid,100,100,1.0,0.9630065017930143,1.0,3,1
11,12,R7_kitchen_sink,0.0,1,grid,R7_kitchen_sink,0.0,2,grid,100,86,0.86,0.7786281178903616,0.9147365634006086,3,0
11,13,R7_kitchen_sink,0.0,1,grid,R7_kitchen_sink,0.0,3,grid,100,100,1.0,0.9630065017930143,1.0,3,0
11,14,R7_kitchen_sink,0.0,1,grid,R7_kitchen_sink,0.0,4,grid,100,83,0.83,0.7445199523239887,0.8910643388594006,3,0
11,15,R7_kitchen_sink,0.0,1,grid,R7_kitchen_sink,0.0,5,grid,100,85,0.85,0.7671644040916763,0.9069401471634337,3,0
11,16,R7_kitchen_sink,0.0,1,grid,R7_kitchen_sink,0.0,6,grid,100,100,1.0,0.9630065017930143,1.0,3,0
11,17,R7_kitchen_sink,0.0,1,grid,R7_kitchen_sink,0.0,7,grid,100,96,0.96,0.9016292856411208,0.9843366960084523,3,0
11,18,R7_kitchen_sink,0.0,1,grid,R7_kitchen_sink,0.0,8,grid,100,82,0.82,0.7333264161369926,0.8829977450105364,3,0
11,19,R7_kitchen_sink,0.0,1,grid,R7_kitchen_sink,0.5,0,grid,100,85,0.85,0.7671644040916763,0.9069401471634337,3,0
11,20,R7_kitchen_sink,0.0,1,grid,R7_kitchen_sink,0.5,1,grid,100,77,0.77,0.6784561697712622,0.8415673411969654,3,0
11,21,R7_kitchen_sink,0.0,1,grid,R7_kitchen_sink,0.5,2,grid,100,100,1.0,0.9630065017930143,1.0,3,0
11,22,R7_kitchen_sink,0.0,1,grid,R7_kitchen_sink,0.5,3,grid,100,100,1.0,0.9630065017930143,1.0,3,0
11,23,R7_kitchen_sink,0.0,1,grid,R7_kitchen_sink,0.5,4,grid,100,100,1.0,0.9630065017930143,1.0,3,0
11,24,R7_kitchen_sink,0.0,1,grid,R7_kitchen_sink,0.5,5,grid,100,86,0.86,0.7786281178903616,0.9147365634006086,3,0
11,25,R7_kitchen_sink,0.0,1,grid,R7_kitchen_sink,0.5,6,grid,100,75,0.75,0.656955364519384,0.8245478863771232,3,0
11,26,R7_kitchen_sink,0.0,1,grid,R7_kitchen_sink,0.5,7,grid,100,80,0.8,0.7111708344068411,0.8666330666689676,3,0
11,27,R7_kitchen_sink,0.0,1,grid,R7_kitchen_sink,0.5,8,grid,100,79,0.79,0.7002003116591013,0.858343459380847,3,0
11,28,R7_kitchen_sink,0.0,1,grid,R4_sparse,0.0,42,anchor,100,99,0.99,0.9455138038212946,0.9982325679358593,3,0
11,29,R7_kitchen_sink,0.0,1,grid,R4_sparse,0.5,42,anchor,100,83,0.83,0.7445199523239887,0.8910643388594006,3,0
11,30,R7_kitchen_sink,0.0,1,grid,R7_kitchen_sink,0.0,42,anchor,100,100,1.0,0.9630065017930143,1.0,3,0
11,31,R7_kitchen_sink,0.0,1,grid,R7_kitchen_sink,0.5,42,anchor,100,56,0.56,0.4622810465167699,0.6532797336983921,3,0
12,0,R7_kitchen_sink,0.0,2,grid,R4_sparse,0.0,0,grid,100,98,0.98,0.929988209271456,0.9944980324498376,3,0
12,1,R7_kitchen_sink,0.0,2,grid,R4_sparse,0.0,1,grid,100,98,0.98,0.929988209271456,0.9944980324498376,3,0
12,2,R7_kitchen_sink,0.0,2,grid,R4_sparse,0.0,2,grid,100,95,0.95,0.8882495307680808,0.9784563208456319,3,0
12,3,R7_kitchen_sink,0.0,2,grid,R4_sparse,0.0,3,grid,100,84,0.84,0.7557973061072976,0.8990471151119521,3,0
12,4,R7_kitchen_sink,0.0,2,grid,R4_sparse,0.0,4,grid,100,79,0.79,0.7002003116591013,0.858343459380847,3,0
12,5,R7_kitchen_sink,0.0,2,grid,R4_sparse,0.5,0,grid,100,89,0.89,0.8136870349691969,0.9374580364293543,3,0
12,6,R7_kitchen_sink,0.0,2,grid,R4_sparse,0.5,1,grid,100,96,0.96,0.9016292856411208,0.9843366960084523,3,0
12,7,R7_kitchen_sink,0.0,2,grid,R4_sparse,0.5,2,grid,100,92,0.92,0.8500189229905127,0.9589065385156194,3,0
12,8,R7_kitchen_sink,0.0,2,grid,R4_sparse,0.5,3,grid,100,97,0.97,0.9154806357094724,0.9897454759759611,3,0
12,9,R7_kitchen_sink,0.0,2,grid,R4_sparse,0.5,4,grid,100,100,1.0,0.9630065017930143,1.0,3,0
12,10,R7_kitchen_sink,0.0,2,grid,R7_kitchen_sink,0.0,0,grid,100,69,0.69,0.5937394428051057,0.7722030278762395,3,0
12,11,R7_kitchen_sink,0.0,2,grid,R7_kitchen_sink,0.0,1,grid,100,99,0.99,0.9455138038212946,0.9982325679358593,3,0
12,12,R7_kitchen_sink,0.0,2,grid,R7_kitchen_sink,0.0,2,grid,100,100,1.0,0.9630065017930143,1.0,3,1
12,13,R7_kitchen_sink,0.0,2,grid,R7_kitchen_sink,0.0,3,grid,100,100,1.0,0.9630065017930143,1.0,3,0
12,14,R7_kitchen_sink,0.0,2,grid,R7_kitchen_sink,0.0,4,grid,100,100,1.0,0.9630065017930143,1.0,3,0
12,15,R7_kitchen_sink,0.0,2,grid,R7_kitchen_sink,0.0,5,grid,100,100,1.0,0.9630065017930143,1.0,3,0
12,16,R7_kitchen_sink,0.0,2,grid,R7_kitchen_sink,0.0,6,grid,100,100,1.0,0.9630065017930143,1.0,3,0
12,17,R7_kitchen_sink,0.0,2,grid,R7_kitchen_sink,0.0,7,grid,100,73,0.73,0.63567883232055,0.8073041585042364,3,0
12,18,R7_kitchen_sink,0.0,2,grid,R7_kitchen_sink,0.0,8,grid,100,80,0.8,0.7111708344068411,0.8666330666689676,3,0
12,19,R7_kitchen_sink,0.0,2,grid,R7_kitchen_sink,0.5,0,grid,100,73,0.73,0.63567883232055,0.8073041585042364,3,0
12,20,R7_kitchen_sink,0.0,2,grid,R7_kitchen_sink,0.5,1,grid,100,100,1.0,0.9630065017930143,1.0,3,0
12,21,R7_kitchen_sink,0.0,2,grid,R7_kitchen_sink,0.5,2,grid,100,100,1.0,0.9630065017930143,1.0,3,0
12,22,R7_kitchen_sink,0.0,2,grid,R7_kitchen_sink,0.5,3,grid,100,100,1.0,0.9630065017930143,1.0,3,0
12,23,R7_kitchen_sink,0.0,2,grid,R7_kitchen_sink,0.5,4,grid,100,100,1.0,0.9630065017930143,1.0,3,0
12,24,R7_kitchen_sink,0.0,2,grid,R7_kitchen_sink,0.5,5,grid,100,100,1.0,0.9630065017930143,1.0,3,0
12,25,R7_kitchen_sink,0.0,2,grid,R7_kitchen_sink,0.5,6,grid,100,98,0.98,0.929988209271456,0.9944980324498376,3,0
12,26,R7_kitchen_sink,0.0,2,grid,R7_kitchen_sink,0.5,7,grid,100,100,1.0,0.9630065017930143,1.0,3,0
12,27,R7_kitchen_sink,0.0,2,grid,R7_kitchen_sink,0.5,8,grid,100,97,0.97,0.9154806357094724,0.9897454759759611,3,0
12,28,R7_kitchen_sink,0.0,2,grid,R4_sparse,0.0,42,anchor,100,98,0.98,0.929988209271456,0.9944980324498376,3,0
12,29,R7_kitchen_sink,0.0,2,grid,R4_sparse,0.5,42,anchor,100,77,0.77,0.6784561697712622,0.8415673411969654,3,0
12,30,R7_kitchen_sink,0.0,2,grid,R7_kitchen_sink,0.0,42,anchor,100,100,1.0,0.9630065017930143,1.0,3,0
12,31,R7_kitchen_sink,0.0,2,grid,R7_kitchen_sink,0.5,42,anchor,100,100,1.0,0.9630065017930143,1.0,3,0
13,0,R7_kitchen_sink,0.0,3,grid,R4_sparse,0.0,0,grid,100,12,0.12,0.0699940643701949,0.19812099426711421,3,0
13,1,R7_kitchen_sink,0.0,3,grid,R4_sparse,0.0,1,grid,100,29,0.29,0.2101483574912227,0.3853889117557111,3,0
13,2,R7_kitchen_sink,0.0,3,grid,R4_sparse,0.0,2,grid,100,26,0.26,0.18404698464748132,0.3537098944918718,3,0
13,3,R7_kitchen_sink,0.0,3,grid,R4_sparse,0.0,3,grid,100,8,0.08,0.041093461484380624,0.14998107700948735,3,0
13,4,R7_kitchen_sink,0.0,3,grid,R4_sparse,0.0,4,grid,100,25,0.25,0.17545211362287674,0.34304463548061603,3,0
13,5,R7_kitchen_sink,0.0,3,grid,R4_sparse,0.5,0,grid,100,49,0.49,0.3942199893044113,0.5865198806597283,3,0
13,6,R7_kitchen_sink,0.0,3,grid,R4_sparse,0.5,1,grid,100,64,0.64,0.5423540245160874,0.7272877959859567,3,0
13,7,R7_kitchen_sink,0.0,3,grid,R4_sparse,0.5,2,grid,100,23,0.23,0.15843265880303448,0.3215438302287378,3,0
13,8,R7_kitchen_sink,0.0,3,grid,R4_sparse,0.5,3,grid,100,23,0.23,0.15843265880303448,0.3215438302287378,3,0
13,9,R7_kitchen_sink,0.0,3,grid,R4_sparse,0.5,4,grid,100,98,0.98,0.929988209271456,0.9944980324498376,3,0
13,10,R7_kitchen_sink,0.0,3,grid,R7_kitchen_sink,0.0,0,grid,100,11,0.11,0.06254196357064568,0.18631296503080313,3,0
13,11,R7_kitchen_sink,0.0,3,grid,R7_kitchen_sink,0.0,1,grid,100,82,0.82,0.7333264161369926,0.8829977450105364,3,0
13,12,R7_kitchen_sink,0.0,3,grid,R7_kitchen_sink,0.0,2,grid,100,54,0.54,0.44264860323368227,0.6343919169097589,3,0
13,13,R7_kitchen_sink,0.0,3,grid,R7_kitchen_sink,0.0,3,grid,100,99,0.99,0.9455138038212946,0.9982325679358593,3,1
13,14,R7_kitchen_sink,0.0,3,grid,R7_kitchen_sink,0.0,4,grid,100,22,0.22,0.15001282384605402,0.31070353514985793,3,0
13,15,R7_kitchen_sink,0.0,3,grid,R7_kitchen_sink,0.0,5,grid,100,17,0.17,0.10893566114059931,0.25548004767601123,3,0
13,16,R7_kitchen_sink,0.0,3,grid,R7_kitchen_sink,0.0,6,grid,100,100,1.0,0.9630065017930143,1.0,3,0
13,17,R7_kitchen_sink,0.0,3,grid,R7_kitchen_sink,0.0,7,grid,100,59,0.59,0.4920143005341078,0.6813268697886348,3,0
13,18,R7_kitchen_sink,0.0,3,grid,R7_kitchen_sink,0.0,8,grid,100,8,0.08,0.041093461484380624,0.14998107700948735,3,0
13,19,R7_kitchen_sink,0.0,3,grid,R7_kitchen_sink,0.5,0,grid,100,15,0.15,0.09305985283656631,0.23283559590832364,3,0
13,20,R7_kitchen_sink,0.0,3,grid,R7_kitchen_sink,0.5,1,grid,100,32,0.32,0.23669147324999093,0.41662618610452384,3,0
13,21,R7_kitchen_sink,0.0,3,grid,R7_kitchen_sink,0.5,2,grid,100,98,0.98,0.929988209271456,0.9944980324498376,3,0
13,22,R7_kitchen_sink,0.0,3,grid,R7_kitchen_sink,0.5,3,grid,100,98,0.98,0.929988209271456,0.9944980324498376,3,0
13,23,R7_kitchen_sink,0.0,3,grid,R7_kitchen_sink,0.5,4,grid,100,98,0.98,0.929988209271456,0.9944980324498376,3,0
13,24,R7_kitchen_sink,0.0,3,grid,R7_kitchen_sink,0.5,5,grid,100,84,0.84,0.7557973061072976,0.8990471151119521,3,0
13,25,R7_kitchen_sink,0.0,3,grid,R7_kitchen_sink,0.5,6,grid,100,64,0.64,0.5423540245160874,0.7272877959859567,3,0
13,26,R7_kitchen_sink,0.0,3,grid,R7_kitchen_sink,0.5,7,grid,100,21,0.21,0.14165654061915303,0.29979968834089865,3,0
13,27,R7_kitchen_sink,0.0,3,grid,R7_kitchen_sink,0.5,8,grid,100,34,0.34,0.25461520797348164,0.43722271145275377,3,0
13,28,R7_kitchen_sink,0.0,3,grid,R4_sparse,0.0,42,anchor,100,84,0.84,0.7557973061072976,0.8990471151119521,3,0
13,29,R7_kitchen_sink,0.0,3,grid,R4_sparse,0.5,42,anchor,100,15,0.15,0.09305985283656631,0.23283559590832364,3,0
13,30,R7_kitchen_sink,0.0,3,grid,R7_kitchen_sink,0.0,42,anchor,100,99,0.99,0.9455138038212946,0.9982325679358593,3,0
13,31,R7_kitchen_sink,0.0,3,grid,R7_kitchen_sink,0.5,42,anchor,100,17,0.17,0.10893566114059931,0.25548004767601123,3,0
14,0,R7_kitchen_sink,0.0,4,grid,R4_sparse,0.0,0,grid,100,17,0.17,0.10893566114059931,0.25548004767601123,3,0
14,1,R7_kitchen_sink,0.0,4,grid,R4_sparse,0.0,1,grid,100,30,0.3,0.2189488529493276,0.3958485463334666,3,0
14,2,R7_kitchen_sink,0.0,4,grid,R4_sparse,0.0,2,grid,100,16,0.16,0.10095288488804782,0.24420269389270244,3,0
14,3,R7_kitchen_sink,0.0,4,grid,R4_sparse,0.0,3,grid,100,31,0.31,0.22779697212376038,0.40626055719489407,3,0
14,4,R7_kitchen_sink,0.0,4,grid,R4_sparse,0.0,4,grid,100,40,0.4,0.3094012864324589,0.4979974132089382,3,0
14,5,R7_kitchen_sink,0.0,4,grid,R4_sparse,0.5,0,grid,100,47,0.47,0.3751081795934127,0.5671114302990063,3,0
14,6,R7_kitchen_sink,0.0,4,grid,R4_sparse,0.5,1,grid,100,29,0.29,0.2101483574912227,0.3853889117557111,3,0
14,7,R7_kitchen_sink,0.0,4,grid,R4_sparse,0.5,2,grid,100,37,0.37,0.2818236053432453,0.46779470419057084,3,0
14,8,R7_kitchen_sink,0.0,4,grid,R4_sparse,0.5,3,grid,100,21,0.21,0.14165654061915303,0.29979968834089865,3,0
14,9,R7_kitchen_sink,0.0,4,grid,R4_sparse,0.5,4,grid,100,31,0.31,0.22779697212376038,0.40626055719489407,3,0
14,10,R7_kitchen_sink,0.0,4,grid,R7_kitchen_sink,0.0,0,grid,100,18,0.18,0.11700225498946351,0.2666735838630073,3,0
14,11,R7_kitchen_sink,0.0,4,grid,R7_kitchen_sink,0.0,1,grid,100,27,0.27,0.1926958414957634,0.36432116767944994,3,0
14,12,R7_kitchen_sink,0.0,4,grid,R7_kitchen_sink,0.0,2,grid,100,41,0.41,0.3186731302113651,0.5079856994658921,3,0
14,13,R7_kitchen_sink,0.0,4,grid,R7_kitchen_sink,0.0,3,grid,100,30,0.3,0.2189488529493276,0.3958485463334666,3,0
14,14,R7_kitchen_sink,0.0,4,grid,R7_kitchen_sink,0.0,4,grid,100,24,0.24,0.16691325556948772,0.33232336349814473,3,1
14,15,R7_kitchen_sink,0.0,4,grid,R7_kitchen_sink,0.0,5,grid,100,27,0.27,0.1926958414957634,0.36432116767944994,3,0
14,16,R7_kitchen_sink,0.0,4,grid,R7_kitchen_sink,0.0,6,grid,100,21,0.21,0.14165654061915303,0.29979968834089865,3,0
14,17,R7_kitchen_sink,0.0,4,grid,R7_kitchen_sink,0.0,7,grid,100,32,0.32,0.23669147324999093,0.41662618610452384,3,0
14,18,R7_kitchen_sink,0.0,4,grid,R7_kitchen_sink,0.0,8,grid,100,18,0.18,0.11700225498946351,0.2666735838630073,3,0
14,19,R7_kitchen_sink,0.0,4,grid,R7_kitchen_sink,0.5,0,grid,100,18,0.18,0.11700225498946351,0.2666735838630073,3,0
14,20,R7_kitchen_sink,0.0,4,grid,R7_kitchen_sink,0.5,1,grid,100,35,0.35,0.26364248243097527,0.44745556703112027,3,0
14,21,R7_kitchen_sink,0.0,4,grid,R7_kitchen_sink,0.5,2,grid,100,25,0.25,0.17545211362287674,0.34304463548061603,3,0
14,22,R7_kitchen_sink,0.0,4,grid,R7_kitchen_sink,0.5,3,grid,100,34,0.34,0.25461520797348164,0.43722271145275377,3,0
14,23,R7_kitchen_sink,0.0,4,grid,R7_kitchen_sink,0.5,4,grid,100,33,0.33,0.24563122734128034,0.4269465620490947,3,0
14,24,R7_kitchen_sink,0.0,4,grid,R7_kitchen_sink,0.5,5,grid,100,15,0.15,0.09305985283656631,0.23283559590832364,3,0
14,25,R7_kitchen_sink,0.0,4,grid,R7_kitchen_sink,0.5,6,grid,100,28,0.28,0.20139685211186212,0.3748802870992116,3,0
14,26,R7_kitchen_sink,0.0,4,grid,R7_kitchen_sink,0.5,7,grid,100,22,0.22,0.15001282384605402,0.31070353514985793,3,0
14,27,R7_kitchen_sink,0.0,4,grid,R7_kitchen_sink,0.5,8,grid,100,41,0.41,0.3186731302113651,0.5079856994658921,3,0
14,28,R7_kitchen_sink,0.0,4,grid,R4_sparse,0.0,42,anchor,100,24,0.24,0.16691325556948772,0.33232336349814473,3,0
14,29,R7_kitchen_sink,0.0,4,grid,R4_sparse,0.5,42,anchor,100,26,0.26,0.18404698464748132,0.3537098944918718,3,0
14,30,R7_kitchen_sink,0.0,4,grid,R7_kitchen_sink,0.0,42,anchor,100,23,0.23,0.15843265880303448,0.3215438302287378,3,0
14,31,R7_kitchen_sink,0.0,4,grid,R7_kitchen_sink,0.5,42,anchor,100,14,0.14,0.08526343659939135,0.22137188210963837,3,0
15,0,R7_kitchen_sink,0.0,5,grid,R4_sparse,0.0,0,grid,100,34,0.34,0.25461520797348164,0.43722271145275377,3,0
15,1,R7_kitchen_sink,0.0,5,grid,R4_sparse,0.0,1,grid,100,47,0.47,0.3751081795934127,0.5671114302990063,3,0
15,2,R7_kitchen_sink,0.0,5,grid,R4_sparse,0.0,2,grid,100,29,0.29,0.2101483574912227,0.3853889117557111,3,0
15,3,R7_kitchen_sink,0.0,5,grid,R4_sparse,0.0,3,grid,100,42,0.42,0.3279838267435473,0.5179351329695703,3,0
15,4,R7_kitchen_sink,0.0,5,grid,R4_sparse,0.0,4,grid,100,78,0.78,0.6892964648501421,0.8499871761539459,3,0
15,5,R7_kitchen_sink,0.0,5,grid,R4_sparse,0.5,0,grid,100,36,0.36,0.2727122040140433,0.4576459754839126,3,0
15,6,R7_kitchen_sink,0.0,5,grid,R4_sparse,0.5,1,grid,100,33,0.33,0.24563122734128034,0.4269465620490947,3,0
15,7,R7_kitchen_sink,0.0,5,grid,R4_sparse,0.5,2,grid,100,89,0.89,0.8136870349691969,0.9374580364293543,3,0
15,8,R7_kitchen_sink,0.0,5,grid,R4_sparse,0.5,3,grid,100,43,0.43,0.33733298524110106,0.5278461045078768,3,0
15,9,R7_kitchen_sink,0.0,5,grid,R4_sparse,0.5,4,grid,100,27,0.27,0.1926958414957634,0.36432116767944994,3,0
15,10,R7_kitchen_sink,0.0,5,grid,R7_kitchen_sink,0.0,0,grid,100,71,0.71,0.6146110882442888,0.7898516425087772,3,0
15,11,R7_kitchen_sink,0.0,5,grid,R7_kitchen_sink,0.0,1,grid,100,35,0.35,0.26364248243097527,0.44745556703112027,3,0
15,12,R7_kitchen_sink,0.0,5,grid,R7_kitchen_sink,0.0,2,grid,100,91,0.91,0.837737871472837,0.9519274599974348,3,0
15,13,R7_kitchen_sink,0.0,5,grid,R7_kitchen_sink,0.0,3,grid,100,27,0.27,0.1926958414957634,0.36432116767944994,3,0
15,14,R7_kitchen_sink,0.0,5,grid,R7_kitchen_sink,0.0,4,grid,100,100,1.0,0.9630065017930143,1.0,3,0
15,15,R7_kitchen_sink,0.0,5,grid,R7_kitchen_sink,0.0,5,grid,100,100,1.0,0.9630065017930143,1.0,3,1
15,16,R7_kitchen_sink,0.0,5,grid,R7_kitchen_sink,0.0,6,grid,100,24,0.24,0.16691325556948772,0.33232336349814473,3,0
15,17,R7_kitchen_sink,0.0,5,grid,R7_kitchen_sink,0.0,7,grid,100,69,0.69,0.5937394428051057,0.7722030278762395,3,0
15,18,R7_kitchen_sink,0.0,5,grid,R7_kitchen_sink,0.0,8,grid,100,87,0.87,0.7901964855992357,0.9224283257275948,3,0
15,19,R7_kitchen_sink,0.0,5,grid,R7_kitchen_sink,0.5,0,grid,100,84,0.84,0.7557973061072976,0.8990471151119521,3,0
15,20,R7_kitchen_sink,0.0,5,grid,R7_kitchen_sink,0.5,1,grid,100,99,0.99,0.9455138038212946,0.9982325679358593,3,0
15,21,R7_kitchen_sink,0.0,5,grid,R7_kitchen_sink,0.5,2,grid,100,26,0.26,0.18404698464748132,0.3537098944918718,3,0
15,22,R7_kitchen_sink,0.0,5,grid,R7_kitchen_sink,0.5,3,grid,100,44,0.44,0.34672026630160796,0.5377189534832302,3,0
15,23,R7_kitchen_sink,0.0,5,grid,R7_kitchen_sink,0.5,4,grid,100,32,0.32,0.23669147324999093,0.41662618610452384,3,0
15,24,R7_kitchen_sink,0.0,5,grid,R7_kitchen_sink,0.5,5,grid,100,25,0.25,0.17545211362287674,0.34304463548061603,3,0
15,25,R7_kitchen_sink,0.0,5,grid,R7_kitchen_sink,0.5,6,grid,100,65,0.65,0.5525444329688796,0.7363575175690247,3,0
15,26,R7_kitchen_sink,0.0,5,grid,R7_kitchen_sink,0.5,7,grid,100,100,1.0,0.9630065017930143,1.0,3,0
15,27,R7_kitchen_sink,0.0,5,grid,R7_kitchen_sink,0.5,8,grid,100,100,1.0,0.9630065017930143,1.0,3,0
15,28,R7_kitchen_sink,0.0,5,grid,R4_sparse,0.0,42,anchor,100,35,0.35,0.26364248243097527,0.44745556703112027,3,0
15,29,R7_kitchen_sink,0.0,5,grid,R4_sparse,0.5,42,anchor,100,75,0.75,0.656955364519384,0.8245478863771232,3,0
15,30,R7_kitchen_sink,0.0,5,grid,R7_kitchen_sink,0.0,42,anchor,100,38,0.38,0.29097599252478734,0.47790244704488916,3,0
15,31,R7_kitchen_sink,0.0,5,grid,R7_kitchen_sink,0.5,42,anchor,100,33,0.33,0.24563122734128034,0.4269465620490947,3,0
16,0,R7_kitchen_sink,0.0,6,grid,R4_sparse,0.0,0,grid,100,100,1.0,0.9630065017930143,1.0,3,0
16,1,R7_kitchen_sink,0.0,6,grid,R4_sparse,0.0,1,grid,100,83,0.83,0.7445199523239887,0.8910643388594006,3,0
16,2,R7_kitchen_sink,0.0,6,grid,R4_sparse,0.0,2,grid,100,99,0.99,0.9455138038212946,0.9982325679358593,3,0
16,3,R7_kitchen_sink,0.0,6,grid,R4_sparse,0.0,3,grid,100,73,0.73,0.63567883232055,0.8073041585042364,3,0
16,4,R7_kitchen_sink,0.0,6,grid,R4_sparse,0.0,4,grid,100,66,0.66,0.5627772885472462,0.7453847920265184,3,0
16,5,R7_kitchen_sink,0.0,6,grid,R4_sparse,0.5,0,grid,100,65,0.65,0.5525444329688796,0.7363575175690247,3,0
16,6,R7_kitchen_sink,0.0,6,grid,R4_sparse,0.5,1,grid,100,87,0.87,0.7901964855992357,0.9224283257275948,3,0
16,7,R7_kitchen_sink,0.0,6,grid,R4_sparse,0.5,2,grid,100,14,0.14,0.08526343659939135,0.22137188210963837,3,0
16,8,R7_kitchen_sink,0.0,6,grid,R4_sparse,0.5,3,grid,100,93,0.93,0.8625048526092651,0.9656807389327273,3,0
16,9,R7_kitchen_sink,0.0,6,grid,R4_sparse,0.5,4,grid,100,100,1.0,0.9630065017930143,1.0,3,0
16,10,R7_kitchen_sink,0.0,6,grid,R7_kitchen_sink,0.0,0,grid,100,93,0.93,0.8625048526092651,0.9656807389327273,3,0
16,11,R7_kitchen_sink,0.0,6,grid,R7_kitchen_sink,0.0,1,grid,100,62,0.62,0.5220975529551107,0.7090240074752127,3,0
16,12,R7_kitchen_sink,0.0,6,grid,R7_kitchen_sink,0.0,2,grid,100,97,0.97,0.9154806357094724,0.9897454759759611,3,0
16,13,R7_kitchen_sink,0.0,6,grid,R7_kitchen_sink,0.0,3,grid,100,100,1.0,0.9630065017930143,1.0,3,0
16,14,R7_kitchen_sink,0.0,6,grid,R7_kitchen_sink,0.0,4,grid,100,16,0.16,0.10095288488804782,0.24420269389270244,3,0
16,15,R7_kitchen_sink,0.0,6,grid,R7_kitchen_sink,0.0,5,grid,100,15,0.15,0.09305985283656631,0.23283559590832364,3,0
16,16,R7_kitchen_sink,0.0,6,grid,R7_kitchen_sink,0.0,6,grid,100,100,1.0,0.9630065017930143,1.0,3,1
16,17,R7_kitchen_sink,0.0,6,grid,R7_kitchen_sink,0.0,7,grid,100,96,0.96,0.9016292856411208,0.9843366960084523,3,0
16,18,R7_kitchen_sink,0.0,6,grid,R7_kitchen_sink,0.0,8,grid,100,94,0.94,0.8752318455410406,0.9722138760368118,3,0
16,19,R7_kitchen_sink,0.0,6,grid,R7_kitchen_sink,0.5,0,grid,100,40,0.4,0.3094012864324589,0.4979974132089382,3,0
16,20,R7_kitchen_sink,0.0,6,grid,R7_kitchen_sink,0.5,1,grid,100,16,0.16,0.10095288488804782,0.24420269389270244,3,0
16,21,R7_kitchen_sink,0.0,6,grid,R7_kitchen_sink,0.5,2,grid,100,99,0.99,0.9455138038212946,0.9982325679358593,3,0
16,22,R7_kitchen_sink,0.0,6,grid,R7_kitchen_sink,0.5,3,grid,100,62,0.62,0.5220975529551107,0.7090240074752127,3,0
16,23,R7_kitchen_sink,0.0,6,grid,R7_kitchen_sink,0.5,4,grid,100,100,1.0,0.9630065017930143,1.0,3,0
16,24,R7_kitchen_sink,0.0,6,grid,R7_kitchen_sink,0.5,5,grid,100,100,1.0,0.9630065017930143,1.0,3,0
16,25,R7_kitchen_sink,0.0,6,grid,R7_kitchen_sink,0.5,6,grid,100,28,0.28,0.20139685211186212,0.3748802870992116,3,0
16,26,R7_kitchen_sink,0.0,6,grid,R7_kitchen_sink,0.5,7,grid,100,9,0.09,0.04807254000256516,0.1622621285271631,3,0
16,27,R7_kitchen_sink,0.0,6,grid,R7_kitchen_sink,0.5,8,grid,100,17,0.17,0.10893566114059931,0.25548004767601123,3,0
16,28,R7_kitchen_sink,0.0,6,grid,R4_sparse,0.0,42,anchor,100,100,1.0,0.9630065017930143,1.0,3,0
16,29,R7_kitchen_sink,0.0,6,grid,R4_sparse,0.5,42,anchor,100,93,0.93,0.8625048526092651,0.9656807389327273,3,0
16,30,R7_kitchen_sink,0.0,6,grid,R7_kitchen_sink,0.0,42,anchor,100,100,1.0,0.9630065017930143,1.0,3,0
16,31,R7_kitchen_sink,0.0,6,grid,R7_kitchen_sink,0.5,42,anchor,100,100,1.0,0.9630065017930143,1.0,3,0
17,0,R7_kitchen_sink,0.0,7,grid,R4_sparse,0.0,0,grid,100,70,0.7,0.6041514536665332,0.7810511470506724,3,0
17,1,R7_kitchen_sink,0.0,7,grid,R4_sparse,0.0,1,grid,100,71,0.71,0.6146110882442888,0.7898516425087772,3,0
17,2,R7_kitchen_sink,0.0,7,grid,R4_sparse,0.0,2,grid,100,73,0.73,0.63567883232055,0.8073041585042364,3,0
17,3,R7_kitchen_sink,0.0,7,grid,R4_sparse,0.0,3,grid,100,75,0.75,0.656955364519384,0.8245478863771232,3,0
17,4,R7_kitchen_sink,0.0,7,grid,R4_sparse,0.0,4,grid,100,99,0.99,0.9455138038212946,0.9982325679358593,3,0
17,5,R7_kitchen_sink,0.0,7,grid,R4_sparse,0.5,0,grid,100,95,0.95,0.8882495307680808,0.9784563208456319,3,0
17,6,R7_kitchen_sink,0.0,7,grid,R4_sparse,0.5,1,grid,100,97,0.97,0.9154806357094724,0.9897454759759611,3,0
17,7,R7_kitchen_sink,0.0,7,grid,R4_sparse,0.5,2,grid,100,79,0.79,0.7002003116591013,0.858343459380847,3,0
17,8,R7_kitchen_sink,0.0,7,grid,R4_sparse,0.5,3,grid,100,92,0.92,0.8500189229905127,0.9589065385156194,3,0
17,9,R7_kitchen_sink,0.0,7,grid,R4_sparse,0.5,4,grid,100,100,1.0,0.9630065017930143,1.0,3,0
17,10,R7_kitchen_sink,0.0,7,grid,R7_kitchen_sink,0.0,0,grid,100,100,1.0,0.9630065017930143,1.0,3,0
17,11,R7_kitchen_sink,0.0,7,grid,R7_kitchen_sink,0.0,1,grid,100,100,1.0,0.9630065017930143,1.0,3,0
17,12,R7_kitchen_sink,0.0,7,grid,R7_kitchen_sink,0.0,2,grid,100,57,0.57,0.47215389549212305,0.6626670147588988,3,0
17,13,R7_kitchen_sink,0.0,7,grid,R7_kitchen_sink,0.0,3,grid,100,99,0.99,0.9455138038212946,0.9982325679358593,3,0
17,14,R7_kitchen_sink,0.0,7,grid,R7_kitchen_sink,0.0,4,grid,100,30,0.3,0.2189488529493276,0.3958485463334666,3,0
17,15,R7_kitchen_sink,0.0,7,grid,R7_kitchen_sink,0.0,5,grid,100,30,0.3,0.2189488529493276,0.3958485463334666,3,0
17,16,R7_kitchen_sink,0.0,7,grid,R7_kitchen_sink,0.0,6,grid,100,100,1.0,0.9630065017930143,1.0,3,0
17,17,R7_kitchen_sink,0.0,7,grid,R7_kitchen_sink,0.0,7,grid,100,99,0.99,0.9455138038212946,0.9982325679358593,3,1
17,18,R7_kitchen_sink,0.0,7,grid,R7_kitchen_sink,0.0,8,grid,100,100,1.0,0.9630065017930143,1.0,3,0
17,19,R7_kitchen_sink,0.0,7,grid,R7_kitchen_sink,0.5,0,grid,100,100,1.0,0.9630065017930143,1.0,3,0
17,20,R7_kitchen_sink,0.0,7,grid,R7_kitchen_sink,0.5,1,grid,100,37,0.37,0.2818236053432453,0.46779470419057084,3,0
17,21,R7_kitchen_sink,0.0,7,grid,R7_kitchen_sink,0.5,2,grid,100,100,1.0,0.9630065017930143,1.0,3,0
17,22,R7_kitchen_sink,0.0,7,grid,R7_kitchen_sink,0.5,3,grid,100,98,0.98,0.929988209271456,0.9944980324498376,3,0
17,23,R7_kitchen_sink,0.0,7,grid,R7_kitchen_sink,0.5,4,grid,100,100,1.0,0.9630065017930143,1.0,3,0
17,24,R7_kitchen_sink,0.0,7,grid,R7_kitchen_sink,0.5,5,grid,100,98,0.98,0.929988209271456,0.9944980324498376,3,0
17,25,R7_kitchen_sink,0.0,7,grid,R7_kitchen_sink,0.5,6,grid,100,68,0.68,0.5833738138954762,0.7633085267500092,3,0
17,26,R7_kitchen_sink,0.0,7,grid,R7_kitchen_sink,0.5,7,grid,100,19,0.19,0.12514751509768735,0.27778845379064376,3,0
17,27,R7_kitchen_sink,0.0,7,grid,R7_kitchen_sink,0.5,8,grid,100,75,0.75,0.656955364519384,0.8245478863771232,3,0
17,28,R7_kitchen_sink,0.0,7,grid,R4_sparse,0.0,42,anchor,100,99,0.99,0.9455138038212946,0.9982325679358593,3,0
17,29,R7_kitchen_sink,0.0,7,grid,R4_sparse,0.5,42,anchor,100,100,1.0,0.9630065017930143,1.0,3,0
17,30,R7_kitchen_sink,0.0,7,grid,R7_kitchen_sink,0.0,42,anchor,100,100,1.0,0.9630065017930143,1.0,3,0
17,31,R7_kitchen_sink,0.0,7,grid,R7_kitchen_sink,0.5,42,anchor,100,68,0.68,0.5833738138954762,0.7633085267500092,3,0
18,0,R7_kitchen_sink,0.0,8,grid,R4_sparse,0.0,0,grid,100,93,0.93,0.8625048526092651,0.9656807389327273,3,0
18,1,R7_kitchen_sink,0.0,8,grid,R4_sparse,0.0,1,grid,100,82,0.82,0.7333264161369926,0.8829977450105364,3,0
18,2,R7_kitchen_sink,0.0,8,grid,R4_sparse,0.0,2,grid,100,77,0.77,0.6784561697712622,0.8415673411969654,3,0
18,3,R7_kitchen_sink,0.0,8,grid,R4_sparse,0.0,3,grid,100,89,0.89,0.8136870349691969,0.9374580364293543,3,0
18,4,R7_kitchen_sink,0.0,8,grid,R4_sparse,0.0,4,grid,100,91,0.91,0.837737871472837,0.9519274599974348,3,0
18,5,R7_kitchen_sink,0.0,8,grid,R4_sparse,0.5,0,grid,100,37,0.37,0.2818236053432453,0.46779470419057084,3,0
18,6,R7_kitchen_sink,0.0,8,grid,R4_sparse,0.5,1,grid,100,29,0.29,0.2101483574912227,0.3853889117557111,3,0
18,7,R7_kitchen_sink,0.0,8,grid,R4_sparse,0.5,2,grid,100,42,0.42,0.3279838267435473,0.5179351329695703,3,0
18,8,R7_kitchen_sink,0.0,8,grid,R4_sparse,0.5,3,grid,100,89,0.89,0.8136870349691969,0.9374580364293543,3,0
18,9,R7_kitchen_sink,0.0,8,grid,R4_sparse,0.5,4,grid,100,15,0.15,0.09305985283656631,0.23283559590832364,3,0
18,10,R7_kitchen_sink,0.0,8,grid,R7_kitchen_sink,0.0,0,grid,100,100,1.0,0.9630065017930143,1.0,3,0
18,11,R7_kitchen_sink,0.0,8,grid,R7_kitchen_sink,0.0,1,grid,100,17,0.17,0.10893566114059931,0.25548004767601123,3,0
18,12,R7_kitchen_sink,0.0,8,grid,R7_kitchen_sink,0.0,2,grid,100,22,0.22,0.15001282384605402,0.31070353514985793,3,0
18,13,R7_kitchen_sink,0.0,8,grid,R7_kitchen_sink,0.0,3,grid,100,14,0.14,0.08526343659939135,0.22137188210963837,3,0
18,14,R7_kitchen_sink,0.0,8,grid,R7_kitchen_sink,0.0,4,grid,100,18,0.18,0.11700225498946351,0.2666735838630073,3,0
18,15,R7_kitchen_sink,0.0,8,grid,R7_kitchen_sink,0.0,5,grid,100,14,0.14,0.08526343659939135,0.22137188210963837,3,0
18,16,R7_kitchen_sink,0.0,8,grid,R7_kitchen_sink,0.0,6,grid,100,10,0.1,0.0552291370606751,0.17436566150491345,3,0
18,17,R7_kitchen_sink,0.0,8,grid,R7_kitchen_sink,0.0,7,grid,100,83,0.83,0.7445199523239887,0.8910643388594006,3,0
18,18,R7_kitchen_sink,0.0,8,grid,R7_kitchen_sink,0.0,8,grid,100,100,1.0,0.9630065017930143,1.0,3,1
18,19,R7_kitchen_sink,0.0,8,grid,R7_kitchen_sink,0.5,0,grid,100,100,1.0,0.9630065017930143,1.0,3,0
18,20,R7_kitchen_sink,0.0,8,grid,R7_kitchen_sink,0.5,1,grid,100,20,0.2,0.13336693333103253,0.28882916559315885,3,0
18,21,R7_kitchen_sink,0.0,8,grid,R7_kitchen_sink,0.5,2,grid,100,27,0.27,0.1926958414957634,0.36432116767944994,3,0
18,22,R7_kitchen_sink,0.0,8,grid,R7_kitchen_sink,0.5,3,grid,100,12,0.12,0.0699940643701949,0.19812099426711421,3,0
18,23,R7_kitchen_sink,0.0,8,grid,R7_kitchen_sink,0.5,4,grid,100,13,0.13,0.07757167427240512,0.20980351440076428,3,0
18,24,R7_kitchen_sink,0.0,8,grid,R7_kitchen_sink,0.5,5,grid,100,25,0.25,0.17545211362287674,0.34304463548061603,3,0
18,25,R7_kitchen_sink,0.0,8,grid,R7_kitchen_sink,0.5,6,grid,100,19,0.19,0.12514751509768735,0.27778845379064376,3,0
18,26,R7_kitchen_sink,0.0,8,grid,R7_kitchen_sink,0.5,7,grid,100,16,0.16,0.10095288488804782,0.24420269389270244,3,0
18,27,R7_kitchen_sink,0.0,8,grid,R7_kitchen_sink,0.5,8,grid,100,51,0.51,0.4134801193402717,0.6057800106955886,3,0
18,28,R7_kitchen_sink,0.0,8,grid,R4_sparse,0.0,42,anchor,100,13,0.13,0.07757167427240512,0.20980351440076428,3,0
18,29,R7_kitchen_sink,0.0,8,grid,R4_sparse,0.5,42,anchor,100,100,1.0,0.9630065017930143,1.0,3,0
18,30,R7_kitchen_sink,0.0,8,grid,R7_kitchen_sink,0.0,42,anchor,100,19,0.19,0.12514751509768735,0.27778845379064376,3,0
18,31,R7_kitchen_sink,0.0,8,grid,R7_kitchen_sink,0.5,42,anchor,100,95,0.95,0.8882495307680808,0.9784563208456319,3,0
19,0,R7_kitchen_sink,0.5,0,grid,R4_sparse,0.0,0,grid,100,99,0.99,0.9455138038212946,0.9982325679358593,3,0
19,1,R7_kitchen_sink,0.5,0,grid,R4_sparse,0.0,1,grid,100,98,0.98,0.929988209271456,0.9944980324498376,3,0
19,2,R7_kitchen_sink,0.5,0,grid,R4_sparse,0.0,2,grid,100,94,0.94,0.8752318455410406,0.9722138760368118,3,0
19,3,R7_kitchen_sink,0.5,0,grid,R4_sparse,0.0,3,grid,100,96,0.96,0.9016292856411208,0.9843366960084523,3,0
19,4,R7_kitchen_sink,0.5,0,grid,R4_sparse,0.0,4,grid,100,100,1.0,0.9630065017930143,1.0,3,0
19,5,R7_kitchen_sink,0.5,0,grid,R4_sparse,0.5,0,grid,100,99,0.99,0.9455138038212946,0.9982325679358593,3,0
19,6,R7_kitchen_sink,0.5,0,grid,R4_sparse,0.5,1,grid,100,100,1.0,0.9630065017930143,1.0,3,0
19,7,R7_kitchen_sink,0.5,0,grid,R4_sparse,0.5,2,grid,100,98,0.98,0.929988209271456,0.9944980324498376,3,0
19,8,R7_kitchen_sink,0.5,0,grid,R4_sparse,0.5,3,grid,100,99,0.99,0.9455138038212946,0.9982325679358593,3,0
19,9,R7_kitchen_sink,0.5,0,grid,R4_sparse,0.5,4,grid,100,100,1.0,0.9630065017930143,1.0,3,0
19,10,R7_kitchen_sink,0.5,0,grid,R7_kitchen_sink,0.0,0,grid,100,100,1.0,0.9630065017930143,1.0,3,0
19,11,R7_kitchen_sink,0.5,0,grid,R7_kitchen_sink,0.0,1,grid,100,100,1.0,0.9630065017930143,1.0,3,0
19,12,R7_kitchen_sink,0.5,0,grid,R7_kitchen_sink,0.0,2,grid,100,100,1.0,0.9630065017930143,1.0,3,0
19,13,R7_kitchen_sink,0.5,0,grid,R7_kitchen_sink,0.0,3,grid,100,100,1.0,0.9630065017930143,1.0,3,0
19,14,R7_kitchen_sink,0.5,0,grid,R7_kitchen_sink,0.0,4,grid,100,100,1.0,0.9630065017930143,1.0,3,0
19,15,R7_kitchen_sink,0.5,0,grid,R7_kitchen_sink,0.0,5,grid,100,100,1.0,0.9630065017930143,1.0,3,0
19,16,R7_kitchen_sink,0.5,0,grid,R7_kitchen_sink,0.0,6,grid,100,100,1.0,0.9630065017930143,1.0,3,0
19,17,R7_kitchen_sink,0.5,0,grid,R7_kitchen_sink,0.0,7,grid,100,99,0.99,0.9455138038212946,0.9982325679358593,3,0
19,18,R7_kitchen_sink,0.5,0,grid,R7_kitchen_sink,0.0,8,grid,100,100,1.0,0.9630065017930143,1.0,3,0
19,19,R7_kitchen_sink,0.5,0,grid,R7_kitchen_sink,0.5,0,grid,100,100,1.0,0.9630065017930143,1.0,3,1
19,20,R7_kitchen_sink,0.5,0,grid,R7_kitchen_sink,0.5,1,grid,100,99,0.99,0.9455138038212946,0.9982325679358593,3,0
19,21,R7_kitchen_sink,0.5,0,grid,R7_kitchen_sink,0.5,2,grid,100,100,1.0,0.9630065017930143,1.0,3,0
19,22,R7_kitchen_sink,0.5,0,grid,R7_kitchen_sink,0.5,3,grid,100,100,1.0,0.9630065017930143,1.0,3,0
19,23,R7_kitchen_sink,0.5,0,grid,R7_kitchen_sink,0.5,4,grid,100,100,1.0,0.9630065017930143,1.0,3,0
19,24,R7_kitchen_sink,0.5,0,grid,R7_kitchen_sink,0.5,5,grid,100,100,1.0,0.9630065017930143,1.0,3,0
19,25,R7_kitchen_sink,0.5,0,grid,R7_kitchen_sink,0.5,6,grid,100,99,0.99,0.9455138038212946,0.9982325679358593,3,0
19,26,R7_kitchen_sink,0.5,0,grid,R7_kitchen_sink,0.5,7,grid,100,99,0.99,0.9455138038212946,0.9982325679358593,3,0
19,27,R7_kitchen_sink,0.5,0,grid,R7_kitchen_sink,0.5,8,grid,100,99,0.99,0.9455138038212946,0.9982325679358593,3,0
19,28,R7_kitchen_sink,0.5,0,grid,R4_sparse,0.0,42,anchor,100,100,1.0,0.9630065017930143,1.0,3,0
19,29,R7_kitchen_sink,0.5,0,grid,R4_sparse,0.5,42,anchor,100,100,1.0,0.9630065017930143,1.0,3,0
19,30,R7_kitchen_sink,0.5,0,grid,R7_kitchen_sink,0.0,42,anchor,100,100,1.0,0.9630065017930143,1.0,3,0
19,31,R7_kitchen_sink,0.5,0,grid,R7_kitchen_sink,0.5,42,anchor,100,99,0.99,0.9455138038212946,0.9982325679358593,3,0
20,0,R7_kitchen_sink,0.5,1,grid,R4_sparse,0.0,0,grid,100,67,0.67,0.5730534379509052,0.7543687726587197,3,0
20,1,R7_kitchen_sink,0.5,1,grid,R4_sparse,0.0,1,grid,100,76,0.76,0.6676766365018553,0.8330867444305122,3,0
20,2,R7_kitchen_sink,0.5,1,grid,R4_sparse,0.0,2,grid,100,55,0.55,0.45244602997442135,0.6438546202048803,3,0
20,3,R7_kitchen_sink,0.5,1,grid,R4_sparse,0.0,3,grid,100,54,0.54,0.44264860323368227,0.6343919169097589,3,0
20,4,R7_kitchen_sink,0.5,1,grid,R4_sparse,0.0,4,grid,100,58,0.58,0.4820648670304296,0.6720161732564526,3,0
20,5,R7_kitchen_sink,0.5,1,grid,R4_sparse,0.5,0,grid,100,66,0.66,0.5627772885472462,0.7453847920265184,3,0
20,6,R7_kitchen_sink,0.5,1,grid,R4_sparse,0.5,1,grid,100,65,0.65,0.5525444329688796,0.7363575175690247,3,0
20,7,R7_kitchen_sink,0.5,1,grid,R4_sparse,0.5,2,grid,100,93,0.93,0.8625048526092651,0.9656807389327273,3,0
20,8,R7_kitchen_sink,0.5,1,grid,R4_sparse,0.5,3,grid,100,67,0.67,0.5730534379509052,0.7543687726587197,3,0
20,9,R7_kitchen_sink,0.5,1,grid,R4_sparse,0.5,4,grid,100,81,0.81,0.7222115462093562,0.8748524849023126,3,0
20,10,R7_kitchen_sink,0.5,1,grid,R7_kitchen_sink,0.0,0,grid,100,76,0.76,0.6676766365018553,0.8330867444305122,3,0
20,11,R7_kitchen_sink,0.5,1,grid,R7_kitchen_sink,0.0,1,grid,100,78,0.78,0.6892964648501421,0.8499871761539459,3,0
20,12,R7_kitchen_sink,0.5,1,grid,R7_kitchen_sink,0.0,2,grid,100,100,1.0,0.9630065017930143,1.0,3,0
20,13,R7_kitchen_sink,0.5,1,grid,R7_kitchen_sink,0.0,3,grid,100,81,0.81,0.7222115462093562,0.8748524849023126,3,0
20,14,R7_kitchen_sink,0.5,1,grid,R7_kitchen_sink,0.0,4,grid,100,100,1.0,0.9630065017930143,1.0,3,0
20,15,R7_kitchen_sink,0.5,1,grid,R7_kitchen_sink,0.0,5,grid,100,100,1.0,0.9630065017930143,1.0,3,0
20,16,R7_kitchen_sink,0.5,1,grid,R7_kitchen_sink,0.0,6,grid,100,84,0.84,0.7557973061072976,0.8990471151119521,3,0
20,17,R7_kitchen_sink,0.5,1,grid,R7_kitchen_sink,0.0,7,grid,100,84,0.84,0.7557973061072976,0.8990471151119521,3,0
20,18,R7_kitchen_sink,0.5,1,grid,R7_kitchen_sink,0.0,8,grid,100,75,0.75,0.656955364519384,0.8245478863771232,3,0
20,19,R7_kitchen_sink,0.5,1,grid,R7_kitchen_sink,0.5,0,grid,100,74,0.74,0.6462901055081282,0.8159530153525186,3,0
20,20,R7_kitchen_sink,0.5,1,grid,R7_kitchen_sink,0.5,1,grid,100,100,1.0,0.9630065017930143,1.0,3,1
20,21,R7_kitchen_sink,0.5,1,grid,R7_kitchen_sink,0.5,2,grid,100,86,0.86,0.7786281178903616,0.9147365634006086,3,0
20,22,R7_kitchen_sink,0.5,1,grid,R7_kitchen_sink,0.5,3,grid,100,92,0.92,0.8500189229905127,0.9589065385156194,3,0
20,23,R7_kitchen_sink,0.5,1,grid,R7_kitchen_sink,0.5,4,grid,100,93,0.93,0.8625048526092651,0.9656807389327273,3,0
20,24,R7_kitchen_sink,0.5,1,grid,R7_kitchen_sink,0.5,5,grid,100,70,0.7,0.6041514536665332,0.7810511470506724,3,0
20,25,R7_kitchen_sink,0.5,1,grid,R7_kitchen_sink,0.5,6,grid,100,99,0.99,0.9455138038212946,0.9982325679358593,3,0
20,26,R7_kitchen_sink,0.5,1,grid,R7_kitchen_sink,0.5,7,grid,100,100,1.0,0.9630065017930143,1.0,3,0
20,27,R7_kitchen_sink,0.5,1,grid,R7_kitchen_sink,0.5,8,grid,100,98,0.98,0.929988209271456,0.9944980324498376,3,0
20,28,R7_kitchen_sink,0.5,1,grid,R4_sparse,0.0,42,anchor,100,74,0.74,0.6462901055081282,0.8159530153525186,3,0
20,29,R7_kitchen_sink,0.5,1,grid,R4_sparse,0.5,42,anchor,100,77,0.77,0.6784561697712622,0.8415673411969654,3,0
20,30,R7_kitchen_sink,0.5,1,grid,R7_kitchen_sink,0.0,42,anchor,100,86,0.86,0.7786281178903616,0.9147365634006086,3,0
20,31,R7_kitchen_sink,0.5,1,grid,R7_kitchen_sink,0.5,42,anchor,100,73,0.73,0.63567883232055,0.8073041585042364,3,0
21,0,R7_kitchen_sink,0.5,2,grid,R4_sparse,0.0,0,grid,100,100,1.0,0.9630065017930143,1.0,3,0
21,1,R7_kitchen_sink,0.5,2,grid,R4_sparse,0.0,1,grid,100,100,1.0,0.9630065017930143,1.0,3,0
21,2,R7_kitchen_sink,0.5,2,grid,R4_sparse,0.0,2,grid,100,99,0.99,0.9455138038212946,0.9982325679358593,3,0
21,3,R7_kitchen_sink,0.5,2,grid,R4_sparse,0.0,3,grid,100,94,0.94,0.8752318455410406,0.9722138760368118,3,0
21,4,R7_kitchen_sink,0.5,2,grid,R4_sparse,0.0,4,grid,100,100,1.0,0.9630065017930143,1.0,3,0
21,5,R7_kitchen_sink,0.5,2,grid,R4_sparse,0.5,0,grid,100,100,1.0,0.9630065017930143,1.0,3,0
21,6,R7_kitchen_sink,0.5,2,grid,R4_sparse,0.5,1,grid,100,100,1.0,0.9630065017930143,1.0,3,0
21,7,R7_kitchen_sink,0.5,2,grid,R4_sparse,0.5,2,grid,100,99,0.99,0.9455138038212946,0.9982325679358593,3,0
21,8,R7_kitchen_sink,0.5,2,grid,R4_sparse,0.5,3,grid,100,99,0.99,0.9455138038212946,0.9982325679358593,3,0
21,9,R7_kitchen_sink,0.5,2,grid,R4_sparse,0.5,4,grid,100,100,1.0,0.9630065017930143,1.0,3,0
21,10,R7_kitchen_sink,0.5,2,grid,R7_kitchen_sink,0.0,0,grid,100,100,1.0,0.9630065017930143,1.0,3,0
21,11,R7_kitchen_sink,0.5,2,grid,R7_kitchen_sink,0.0,1,grid,100,100,1.0,0.9630065017930143,1.0,3,0
21,12,R7_kitchen_sink,0.5,2,grid,R7_kitchen_sink,0.0,2,grid,100,100,1.0,0.9630065017930143,1.0,3,0
21,13,R7_kitchen_sink,0.5,2,grid,R7_kitchen_sink,0.0,3,grid,100,100,1.0,0.9630065017930143,1.0,3,0
21,14,R7_kitchen_sink,0.5,2,grid,R7_kitchen_sink,0.0,4,grid,100,100,1.0,0.9630065017930143,1.0,3,0
21,15,R7_kitchen_sink,0.5,2,grid,R7_kitchen_sink,0.0,5,grid,100,98,0.98,0.929988209271456,0.9944980324498376,3,0
21,16,R7_kitchen_sink,0.5,2,grid,R7_kitchen_sink,0.0,6,grid,100,100,1.0,0.9630065017930143,1.0,3,0
21,17,R7_kitchen_sink,0.5,2,grid,R7_kitchen_sink,0.0,7,grid,100,100,1.0,0.9630065017930143,1.0,3,0
21,18,R7_kitchen_sink,0.5,2,grid,R7_kitchen_sink,0.0,8,grid,100,99,0.99,0.9455138038212946,0.9982325679358593,3,0
21,19,R7_kitchen_sink,0.5,2,grid,R7_kitchen_sink,0.5,0,grid,100,99,0.99,0.9455138038212946,0.9982325679358593,3,0
21,20,R7_kitchen_sink,0.5,2,grid,R7_kitchen_sink,0.5,1,grid,100,100,1.0,0.9630065017930143,1.0,3,0
21,21,R7_kitchen_sink,0.5,2,grid,R7_kitchen_sink,0.5,2,grid,100,100,1.0,0.9630065017930143,1.0,3,1
21,22,R7_kitchen_sink,0.5,2,grid,R7_kitchen_sink,0.5,3,grid,100,100,1.0,0.9630065017930143,1.0,3,0
21,23,R7_kitchen_sink,0.5,2,grid,R7_kitchen_sink,0.5,4,grid,100,100,1.0,0.9630065017930143,1.0,3,0
21,24,R7_kitchen_sink,0.5,2,grid,R7_kitchen_sink,0.5,5,grid,100,100,1.0,0.9630065017930143,1.0,3,0
21,25,R7_kitchen_sink,0.5,2,grid,R7_kitchen_sink,0.5,6,grid,100,100,1.0,0.9630065017930143,1.0,3,0
21,26,R7_kitchen_sink,0.5,2,grid,R7_kitchen_sink,0.5,7,grid,100,99,0.99,0.9455138038212946,0.9982325679358593,3,0
21,27,R7_kitchen_sink,0.5,2,grid,R7_kitchen_sink,0.5,8,grid,100,99,0.99,0.9455138038212946,0.9982325679358593,3,0
21,28,R7_kitchen_sink,0.5,2,grid,R4_sparse,0.0,42,anchor,100,100,1.0,0.9630065017930143,1.0,3,0
21,29,R7_kitchen_sink,0.5,2,grid,R4_sparse,0.5,42,anchor,100,100,1.0,0.9630065017930143,1.0,3,0
21,30,R7_kitchen_sink,0.5,2,grid,R7_kitchen_sink,0.0,42,anchor,100,100,1.0,0.9630065017930143,1.0,3,0
21,31,R7_kitchen_sink,0.5,2,grid,R7_kitchen_sink,0.5,42,anchor,100,100,1.0,0.9630065017930143,1.0,3,0
22,0,R7_kitchen_sink,0.5,3,grid,R4_sparse,0.0,0,grid,100,99,0.99,0.9455138038212946,0.9982325679358593,3,0
22,1,R7_kitchen_sink,0.5,3,grid,R4_sparse,0.0,1,grid,100,99,0.99,0.9455138038212946,0.9982325679358593,3,0
22,2,R7_kitchen_sink,0.5,3,grid,R4_sparse,0.0,2,grid,100,89,0.89,0.8136870349691969,0.9374580364293543,3,0
22,3,R7_kitchen_sink,0.5,3,grid,R4_sparse,0.0,3,grid,100,94,0.94,0.8752318455410406,0.9722138760368118,3,0
22,4,R7_kitchen_sink,0.5,3,grid,R4_sparse,0.0,4,grid,100,87,0.87,0.7901964855992357,0.9224283257275948,3,0
22,5,R7_kitchen_sink,0.5,3,grid,R4_sparse,0.5,0,grid,100,87,0.87,0.7901964855992357,0.9224283257275948,3,0
22,6,R7_kitchen_sink,0.5,3,grid,R4_sparse,0.5,1,grid,100,96,0.96,0.9016292856411208,0.9843366960084523,3,0
22,7,R7_kitchen_sink,0.5,3,grid,R4_sparse,0.5,2,grid,100,98,0.98,0.929988209271456,0.9944980324498376,3,0
22,8,R7_kitchen_sink,0.5,3,grid,R4_sparse,0.5,3,grid,100,100,1.0,0.9630065017930143,1.0,3,0
22,9,R7_kitchen_sink,0.5,3,grid,R4_sparse,0.5,4,grid,100,100,1.0,0.9630065017930143,1.0,3,0
22,10,R7_kitchen_sink,0.5,3,grid,R7_kitchen_sink,0.0,0,grid,100,81,0.81,0.7222115462093562,0.8748524849023126,3,0
22,11,R7_kitchen_sink,0.5,3,grid,R7_kitchen_sink,0.0,1,grid,100,98,0.98,0.929988209271456,0.9944980324498376,3,0
22,12,R7_kitchen_sink,0.5,3,grid,R7_kitchen_sink,0.0,2,grid,100,100,1.0,0.9630065017930143,1.0,3,0
22,13,R7_kitchen_sink,0.5,3,grid,R7_kitchen_sink,0.0,3,grid,100,100,1.0,0.9630065017930143,1.0,3,0
22,14,R7_kitchen_sink,0.5,3,grid,R7_kitchen_sink,0.0,4,grid,100,100,1.0,0.9630065017930143,1.0,3,0
22,15,R7_kitchen_sink,0.5,3,grid,R7_kitchen_sink,0.0,5,grid,100,100,1.0,0.9630065017930143,1.0,3,0
22,16,R7_kitchen_sink,0.5,3,grid,R7_kitchen_sink,0.0,6,grid,100,100,1.0,0.9630065017930143,1.0,3,0
22,17,R7_kitchen_sink,0.5,3,grid,R7_kitchen_sink,0.0,7,grid,100,84,0.84,0.7557973061072976,0.8990471151119521,3,0
22,18,R7_kitchen_sink,0.5,3,grid,R7_kitchen_sink,0.0,8,grid,100,64,0.64,0.5423540245160874,0.7272877959859567,3,0
22,19,R7_kitchen_sink,0.5,3,grid,R7_kitchen_sink,0.5,0,grid,100,75,0.75,0.656955364519384,0.8245478863771232,3,0
22,20,R7_kitchen_sink,0.5,3,grid,R7_kitchen_sink,0.5,1,grid,100,100,1.0,0.9630065017930143,1.0,3,0
22,21,R7_kitchen_sink,0.5,3,grid,R7_kitchen_sink,0.5,2,grid,100,100,1.0,0.9630065017930143,1.0,3,0
22,22,R7_kitchen_sink,0.5,3,grid,R7_kitchen_sink,0.5,3,grid,100,100,1.0,0.9630065017930143,1.0,3,1
22,23,R7_kitchen_sink,0.5,3,grid,R7_kitchen_sink,0.5,4,grid,100,100,1.0,0.9630065017930143,1.0,3,0
22,24,R7_kitchen_sink,0.5,3,grid,R7_kitchen_sink,0.5,5,grid,100,100,1.0,0.9630065017930143,1.0,3,0
22,25,R7_kitchen_sink,0.5,3,grid,R7_kitchen_sink,0.5,6,grid,100,100,1.0,0.9630065017930143,1.0,3,0
22,26,R7_kitchen_sink,0.5,3,grid,R7_kitchen_sink,0.5,7,grid,100,100,1.0,0.9630065017930143,1.0,3,0
22,27,R7_kitchen_sink,0.5,3,grid,R7_kitchen_sink,0.5,8,grid,100,100,1.0,0.9630065017930143,1.0,3,0
22,28,R7_kitchen_sink,0.5,3,grid,R4_sparse,0.0,42,anchor,100,100,1.0,0.9630065017930143,1.0,3,0
22,29,R7_kitchen_sink,0.5,3,grid,R4_sparse,0.5,42,anchor,100,66,0.66,0.5627772885472462,0.7453847920265184,3,0
22,30,R7_kitchen_sink,0.5,3,grid,R7_kitchen_sink,0.0,42,anchor,100,100,1.0,0.9630065017930143,1.0,3,0
22,31,R7_kitchen_sink,0.5,3,grid,R7_kitchen_sink,0.5,42,anchor,100,100,1.0,0.9630065017930143,1.0,3,0
23,0,R7_kitchen_sink,0.5,4,grid,R4_sparse,0.0,0,grid,100,18,0.18,0.11700225498946351,0.2666735838630073,3,0
23,1,R7_kitchen_sink,0.5,4,grid,R4_sparse,0.0,1,grid,100,16,0.16,0.10095288488804782,0.24420269389270244,3,0
23,2,R7_kitchen_sink,0.5,4,grid,R4_sparse,0.0,2,grid,100,17,0.17,0.10893566114059931,0.25548004767601123,3,0
23,3,R7_kitchen_sink,0.5,4,grid,R4_sparse,0.0,3,grid,100,22,0.22,0.15001282384605402,0.31070353514985793,3,0
23,4,R7_kitchen_sink,0.5,4,grid,R4_sparse,0.0,4,grid,100,26,0.26,0.18404698464748132,0.3537098944918718,3,0
23,5,R7_kitchen_sink,0.5,4,grid,R4_sparse,0.5,0,grid,100,41,0.41,0.3186731302113651,0.5079856994658921,3,0
23,6,R7_kitchen_sink,0.5,4,grid,R4_sparse,0.5,1,grid,100,69,0.69,0.5937394428051057,0.7722030278762395,3,0
23,7,R7_kitchen_sink,0.5,4,grid,R4_sparse,0.5,2,grid,100,28,0.28,0.20139685211186212,0.3748802870992116,3,0
23,8,R7_kitchen_sink,0.5,4,grid,R4_sparse,0.5,3,grid,100,20,0.2,0.13336693333103253,0.28882916559315885,3,0
23,9,R7_kitchen_sink,0.5,4,grid,R4_sparse,0.5,4,grid,100,90,0.9,0.8256343384950865,0.9447708629393249,3,0
23,10,R7_kitchen_sink,0.5,4,grid,R7_kitchen_sink,0.0,0,grid,100,11,0.11,0.06254196357064568,0.18631296503080313,3,0
23,11,R7_kitchen_sink,0.5,4,grid,R7_kitchen_sink,0.0,1,grid,100,65,0.65,0.5525444329688796,0.7363575175690247,3,0
23,12,R7_kitchen_sink,0.5,4,grid,R7_kitchen_sink,0.0,2,grid,100,58,0.58,0.4820648670304296,0.6720161732564526,3,0
23,13,R7_kitchen_sink,0.5,4,grid,R7_kitchen_sink,0.0,3,grid,100,88,0.88,0.8018790057328857,0.9300059356298052,3,0
23,14,R7_kitchen_sink,0.5,4,grid,R7_kitchen_sink,0.0,4,grid,100,40,0.4,0.3094012864324589,0.4979974132089382,3,0
23,15,R7_kitchen_sink,0.5,4,grid,R7_kitchen_sink,0.0,5,grid,100,31,0.31,0.22779697212376038,0.40626055719489407,3,0
23,16,R7_kitchen_sink,0.5,4,grid,R7_kitchen_sink,0.0,6,grid,100,92,0.92,0.8500189229905127,0.9589065385156194,3,0
23,17,R7_kitchen_sink,0.5,4,grid,R7_kitchen_sink,0.0,7,grid,100,57,0.57,0.47215389549212305,0.6626670147588988,3,0
23,18,R7_kitchen_sink,0.5,4,grid,R7_kitchen_sink,0.0,8,grid,100,7,0.07,0.03431926106727268,0.137495147390735,3,0
23,19,R7_kitchen_sink,0.5,4,grid,R7_kitchen_sink,0.5,0,grid,100,13,0.13,0.07757167427240512,0.20980351440076428,3,0
23,20,R7_kitchen_sink,0.5,4,grid,R7_kitchen_sink,0.5,1,grid,100,32,0.32,0.23669147324999093,0.41662618610452384,3,0
23,21,R7_kitchen_sink,0.5,4,grid,R7_kitchen_sink,0.5,2,grid,100,73,0.73,0.63567883232055,0.8073041585042364,3,0
23,22,R7_kitchen_sink,0.5,4,grid,R7_kitchen_sink,0.5,3,grid,100,95,0.95,0.8882495307680808,0.9784563208456319,3,0
23,23,R7_kitchen_sink,0.5,4,grid,R7_kitchen_sink,0.5,4,grid,100,90,0.9,0.8256343384950865,0.9447708629393249,3,1
23,24,R7_kitchen_sink,0.5,4,grid,R7_kitchen_sink,0.5,5,grid,100,59,0.59,0.4920143005341078,0.6813268697886348,3,0
23,25,R7_kitchen_sink,0.5,4,grid,R7_kitchen_sink,0.5,6,grid,100,52,0.52,0.4231657776522397,0.615354482419481,3,0
23,26,R7_kitchen_sink,0.5,4,grid,R7_kitchen_sink,0.5,7,grid,100,32,0.32,0.23669147324999093,0.41662618610452384,3,0
23,27,R7_kitchen_sink,0.5,4,grid,R7_kitchen_sink,0.5,8,grid,100,27,0.27,0.1926958414957634,0.36432116767944994,3,0
23,28,R7_kitchen_sink,0.5,4,grid,R4_sparse,0.0,42,anchor,100,78,0.78,0.6892964648501421,0.8499871761539459,3,0
23,29,R7_kitchen_sink,0.5,4,grid,R4_sparse,0.5,42,anchor,100,18,0.18,0.11700225498946351,0.2666735838630073,3,0
23,30,R7_kitchen_sink,0.5,4,grid,R7_kitchen_sink,0.0,42,anchor,100,83,0.83,0.7445199523239887,0.8910643388594006,3,0
23,31,R7_kitchen_sink,0.5,4,grid,R7_kitchen_sink,0.5,42,anchor,100,21,0.21,0.14165654061915303,0.29979968834089865,3,0
24,0,R7_kitchen_sink,0.5,5,grid,R4_sparse,0.0,0,grid,100,100,1.0,0.9630065017930143,1.0,3,0
24,1,R7_kitchen_sink,0.5,5,grid,R4_sparse,0.0,1,grid,100,100,1.0,0.9630065017930143,1.0,3,0
24,2,R7_kitchen_sink,0.5,5,grid,R4_sparse,0.0,2,grid,100,100,1.0,0.9630065017930143,1.0,3,0
24,3,R7_kitchen_sink,0.5,5,grid,R4_sparse,0.0,3,grid,100,99,0.99,0.9455138038212946,0.9982325679358593,3,0
24,4,R7_kitchen_sink,0.5,5,grid,R4_sparse,0.0,4,grid,100,92,0.92,0.8500189229905127,0.9589065385156194,3,0
24,5,R7_kitchen_sink,0.5,5,grid,R4_sparse,0.5,0,grid,100,100,1.0,0.9630065017930143,1.0,3,0
24,6,R7_kitchen_sink,0.5,5,grid,R4_sparse,0.5,1,grid,100,100,1.0,0.9630065017930143,1.0,3,0
24,7,R7_kitchen_sink,0.5,5,grid,R4_sparse,0.5,2,grid,100,79,0.79,0.7002003116591013,0.858343459380847,3,0
24,8,R7_kitchen_sink,0.5,5,grid,R4_sparse,0.5,3,grid,100,100,1.0,0.9630065017930143,1.0,3,0
24,9,R7_kitchen_sink,0.5,5,grid,R4_sparse,0.5,4,grid,100,100,1.0,0.9630065017930143,1.0,3,0
24,10,R7_kitchen_sink,0.5,5,grid,R7_kitchen_sink,0.0,0,grid,100,100,1.0,0.9630065017930143,1.0,3,0
24,11,R7_kitchen_sink,0.5,5,grid,R7_kitchen_sink,0.0,1,grid,100,99,0.99,0.9455138038212946,0.9982325679358593,3,0
24,12,R7_kitchen_sink,0.5,5,grid,R7_kitchen_sink,0.0,2,grid,100,93,0.93,0.8625048526092651,0.9656807389327273,3,0
24,13,R7_kitchen_sink,0.5,5,grid,R7_kitchen_sink,0.0,3,grid,100,100,1.0,0.9630065017930143,1.0,3,0
24,14,R7_kitchen_sink,0.5,5,grid,R7_kitchen_sink,0.0,4,grid,100,86,0.86,0.7786281178903616,0.9147365634006086,3,0
24,15,R7_kitchen_sink,0.5,5,grid,R7_kitchen_sink,0.0,5,grid,100,92,0.92,0.8500189229905127,0.9589065385156194,3,0
24,16,R7_kitchen_sink,0.5,5,grid,R7_kitchen_sink,0.0,6,grid,100,100,1.0,0.9630065017930143,1.0,3,0
24,17,R7_kitchen_sink,0.5,5,grid,R7_kitchen_sink,0.0,7,grid,100,100,1.0,0.9630065017930143,1.0,3,0
24,18,R7_kitchen_sink,0.5,5,grid,R7_kitchen_sink,0.0,8,grid,100,100,1.0,0.9630065017930143,1.0,3,0
24,19,R7_kitchen_sink,0.5,5,grid,R7_kitchen_sink,0.5,0,grid,100,98,0.98,0.929988209271456,0.9944980324498376,3,0
24,20,R7_kitchen_sink,0.5,5,grid,R7_kitchen_sink,0.5,1,grid,100,90,0.9,0.8256343384950865,0.9447708629393249,3,0
24,21,R7_kitchen_sink,0.5,5,grid,R7_kitchen_sink,0.5,2,grid,100,99,0.99,0.9455138038212946,0.9982325679358593,3,0
24,22,R7_kitchen_sink,0.5,5,grid,R7_kitchen_sink,0.5,3,grid,100,100,1.0,0.9630065017930143,1.0,3,0
24,23,R7_kitchen_sink,0.5,5,grid,R7_kitchen_sink,0.5,4,grid,100,100,1.0,0.9630065017930143,1.0,3,0
24,24,R7_kitchen_sink,0.5,5,grid,R7_kitchen_sink,0.5,5,grid,100,100,1.0,0.9630065017930143,1.0,3,1
24,25,R7_kitchen_sink,0.5,5,grid,R7_kitchen_sink,0.5,6,grid,100,80,0.8,0.7111708344068411,0.8666330666689676,3,0
24,26,R7_kitchen_sink,0.5,5,grid,R7_kitchen_sink,0.5,7,grid,100,92,0.92,0.8500189229905127,0.9589065385156194,3,0
24,27,R7_kitchen_sink,0.5,5,grid,R7_kitchen_sink,0.5,8,grid,100,74,0.74,0.6462901055081282,0.8159530153525186,3,0
24,28,R7_kitchen_sink,0.5,5,grid,R4_sparse,0.0,42,anchor,100,100,1.0,0.9630065017930143,1.0,3,0
24,29,R7_kitchen_sink,0.5,5,grid,R4_sparse,0.5,42,anchor,100,99,0.99,0.9455138038212946,0.9982325679358593,3,0
24,30,R7_kitchen_sink,0.5,5,grid,R7_kitchen_sink,0.0,42,anchor,100,100,1.0,0.9630065017930143,1.0,3,0
24,31,R7_kitchen_sink,0.5,5,grid,R7_kitchen_sink,0.5,42,anchor,100,100,1.0,0.9630065017930143,1.0,3,0
25,0,R7_kitchen_sink,0.5,6,grid,R4_sparse,0.0,0,grid,100,24,0.24,0.16691325556948772,0.33232336349814473,3,0
25,1,R7_kitchen_sink,0.5,6,grid,R4_sparse,0.0,1,grid,100,27,0.27,0.1926958414957634,0.36432116767944994,3,0
25,2,R7_kitchen_sink,0.5,6,grid,R4_sparse,0.0,2,grid,100,34,0.34,0.25461520797348164,0.43722271145275377,3,0
25,3,R7_kitchen_sink,0.5,6,grid,R4_sparse,0.0,3,grid,100,24,0.24,0.16691325556948772,0.33232336349814473,3,0
25,4,R7_kitchen_sink,0.5,6,grid,R4_sparse,0.0,4,grid,100,18,0.18,0.11700225498946351,0.2666735838630073,3,0
25,5,R7_kitchen_sink,0.5,6,grid,R4_sparse,0.5,0,grid,100,41,0.41,0.3186731302113651,0.5079856994658921,3,0
25,6,R7_kitchen_sink,0.5,6,grid,R4_sparse,0.5,1,grid,100,71,0.71,0.6146110882442888,0.7898516425087772,3,0
25,7,R7_kitchen_sink,0.5,6,grid,R4_sparse,0.5,2,grid,100,40,0.4,0.3094012864324589,0.4979974132089382,3,0
25,8,R7_kitchen_sink,0.5,6,grid,R4_sparse,0.5,3,grid,100,29,0.29,0.2101483574912227,0.3853889117557111,3,0
25,9,R7_kitchen_sink,0.5,6,grid,R4_sparse,0.5,4,grid,100,100,1.0,0.9630065017930143,1.0,3,0
25,10,R7_kitchen_sink,0.5,6,grid,R7_kitchen_sink,0.0,0,grid,100,12,0.12,0.0699940643701949,0.19812099426711421,3,0
25,11,R7_kitchen_sink,0.5,6,grid,R7_kitchen_sink,0.0,1,grid,100,69,0.69,0.5937394428051057,0.7722030278762395,3,0
25,12,R7_kitchen_sink,0.5,6,grid,R7_kitchen_sink,0.0,2,grid,100,98,0.98,0.929988209271456,0.9944980324498376,3,0
25,13,R7_kitchen_sink,0.5,6,grid,R7_kitchen_sink,0.0,3,grid,100,99,0.99,0.9455138038212946,0.9982325679358593,3,0
25,14,R7_kitchen_sink,0.5,6,grid,R7_kitchen_sink,0.0,4,grid,100,96,0.96,0.9016292856411208,0.9843366960084523,3,0
25,15,R7_kitchen_sink,0.5,6,grid,R7_kitchen_sink,0.0,5,grid,100,100,1.0,0.9630065017930143,1.0,3,0
25,16,R7_kitchen_sink,0.5,6,grid,R7_kitchen_sink,0.0,6,grid,100,100,1.0,0.9630065017930143,1.0,3,0
25,17,R7_kitchen_sink,0.5,6,grid,R7_kitchen_sink,0.0,7,grid,100,75,0.75,0.656955364519384,0.8245478863771232,3,0
25,18,R7_kitchen_sink,0.5,6,grid,R7_kitchen_sink,0.0,8,grid,100,18,0.18,0.11700225498946351,0.2666735838630073,3,0
25,19,R7_kitchen_sink,0.5,6,grid,R7_kitchen_sink,0.5,0,grid,100,12,0.12,0.0699940643701949,0.19812099426711421,3,0
25,20,R7_kitchen_sink,0.5,6,grid,R7_kitchen_sink,0.5,1,grid,100,89,0.89,0.8136870349691969,0.9374580364293543,3,0
25,21,R7_kitchen_sink,0.5,6,grid,R7_kitchen_sink,0.5,2,grid,100,85,0.85,0.7671644040916763,0.9069401471634337,3,0
25,22,R7_kitchen_sink,0.5,6,grid,R7_kitchen_sink,0.5,3,grid,100,99,0.99,0.9455138038212946,0.9982325679358593,3,0
25,23,R7_kitchen_sink,0.5,6,grid,R7_kitchen_sink,0.5,4,grid,100,100,1.0,0.9630065017930143,1.0,3,0
25,24,R7_kitchen_sink,0.5,6,grid,R7_kitchen_sink,0.5,5,grid,100,71,0.71,0.6146110882442888,0.7898516425087772,3,0
25,25,R7_kitchen_sink,0.5,6,grid,R7_kitchen_sink,0.5,6,grid,100,53,0.53,0.4328885697009936,0.6248918204065872,3,1
25,26,R7_kitchen_sink,0.5,6,grid,R7_kitchen_sink,0.5,7,grid,100,98,0.98,0.929988209271456,0.9944980324498376,3,0
25,27,R7_kitchen_sink,0.5,6,grid,R7_kitchen_sink,0.5,8,grid,100,41,0.41,0.3186731302113651,0.5079856994658921,3,0
25,28,R7_kitchen_sink,0.5,6,grid,R4_sparse,0.0,42,anchor,100,88,0.88,0.8018790057328857,0.9300059356298052,3,0
25,29,R7_kitchen_sink,0.5,6,grid,R4_sparse,0.5,42,anchor,100,16,0.16,0.10095288488804782,0.24420269389270244,3,0
25,30,R7_kitchen_sink,0.5,6,grid,R7_kitchen_sink,0.0,42,anchor,100,100,1.0,0.9630065017930143,1.0,3,0
25,31,R7_kitchen_sink,0.5,6,grid,R7_kitchen_sink,0.5,42,anchor,100,37,0.37,0.2818236053432453,0.46779470419057084,3,0
26,0,R7_kitchen_sink,0.5,7,grid,R4_sparse,0.0,0,grid,100,79,0.79,0.7002003116591013,0.858343459380847,3,0
26,1,R7_kitchen_sink,0.5,7,grid,R4_sparse,0.0,1,grid,100,81,0.81,0.7222115462093562,0.8748524849023126,3,0
26,2,R7_kitchen_sink,0.5,7,grid,R4_sparse,0.0,2,grid,100,65,0.65,0.5525444329688796,0.7363575175690247,3,0
26,3,R7_kitchen_sink,0.5,7,grid,R4_sparse,0.0,3,grid,100,63,0.63,0.5322052958094291,0.7181763946567546,3,0
26,4,R7_kitchen_sink,0.5,7,grid,R4_sparse,0.0,4,grid,100,92,0.92,0.8500189229905127,0.9589065385156194,3,0
26,5,R7_kitchen_sink,0.5,7,grid,R4_sparse,0.5,0,grid,100,77,0.77,0.6784561697712622,0.8415673411969654,3,0
26,6,R7_kitchen_sink,0.5,7,grid,R4_sparse,0.5,1,grid,100,86,0.86,0.7786281178903616,0.9147365634006086,3,0
26,7,R7_kitchen_sink,0.5,7,grid,R4_sparse,0.5,2,grid,100,89,0.89,0.8136870349691969,0.9374580364293543,3,0
26,8,R7_kitchen_sink,0.5,7,grid,R4_sparse,0.5,3,grid,100,92,0.92,0.8500189229905127,0.9589065385156194,3,0
26,9,R7_kitchen_sink,0.5,7,grid,R4_sparse,0.5,4,grid,100,99,0.99,0.9455138038212946,0.9982325679358593,3,0
26,10,R7_kitchen_sink,0.5,7,grid,R7_kitchen_sink,0.0,0,grid,100,100,1.0,0.9630065017930143,1.0,3,0
26,11,R7_kitchen_sink,0.5,7,grid,R7_kitchen_sink,0.0,1,grid,100,94,0.94,0.8752318455410406,0.9722138760368118,3,0
26,12,R7_kitchen_sink,0.5,7,grid,R7_kitchen_sink,0.0,2,grid,100,100,1.0,0.9630065017930143,1.0,3,0
26,13,R7_kitchen_sink,0.5,7,grid,R7_kitchen_sink,0.0,3,grid,100,98,0.98,0.929988209271456,0.9944980324498376,3,0
26,14,R7_kitchen_sink,0.5,7,grid,R7_kitchen_sink,0.0,4,grid,100,100,1.0,0.9630065017930143,1.0,3,0
26,15,R7_kitchen_sink,0.5,7,grid,R7_kitchen_sink,0.0,5,grid,100,100,1.0,0.9630065017930143,1.0,3,0
26,16,R7_kitchen_sink,0.5,7,grid,R7_kitchen_sink,0.0,6,grid,100,99,0.99,0.9455138038212946,0.9982325679358593,3,0
26,17,R7_kitchen_sink,0.5,7,grid,R7_kitchen_sink,0.0,7,grid,100,93,0.93,0.8625048526092651,0.9656807389327273,3,0
26,18,R7_kitchen_sink,0.5,7,grid,R7_kitchen_sink,0.0,8,grid,100,100,1.0,0.9630065017930143,1.0,3,0
26,19,R7_kitchen_sink,0.5,7,grid,R7_kitchen_sink,0.5,0,grid,100,100,1.0,0.9630065017930143,1.0,3,0
26,20,R7_kitchen_sink,0.5,7,grid,R7_kitchen_sink,0.5,1,grid,100,100,1.0,0.9630065017930143,1.0,3,0
26,21,R7_kitchen_sink,0.5,7,grid,R7_kitchen_sink,0.5,2,grid,100,99,0.99,0.9455138038212946,0.9982325679358593,3,0
26,22,R7_kitchen_sink,0.5,7,grid,R7_kitchen_sink,0.5,3,grid,100,100,1.0,0.9630065017930143,1.0,3,0
26,23,R7_kitchen_sink,0.5,7,grid,R7_kitchen_sink,0.5,4,grid,100,99,0.99,0.9455138038212946,0.9982325679358593,3,0
26,24,R7_kitchen_sink,0.5,7,grid,R7_kitchen_sink,0.5,5,grid,100,90,0.9,0.8256343384950865,0.9447708629393249,3,0
26,25,R7_kitchen_sink,0.5,7,grid,R7_kitchen_sink,0.5,6,grid,100,99,0.99,0.9455138038212946,0.9982325679358593,3,0
26,26,R7_kitchen_sink,0.5,7,grid,R7_kitchen_sink,0.5,7,grid,100,100,1.0,0.9630065017930143,1.0,3,1
26,27,R7_kitchen_sink,0.5,7,grid,R7_kitchen_sink,0.5,8,grid,100,98,0.98,0.929988209271456,0.9944980324498376,3,0
26,28,R7_kitchen_sink,0.5,7,grid,R4_sparse,0.0,42,anchor,100,98,0.98,0.929988209271456,0.9944980324498376,3,0
26,29,R7_kitchen_sink,0.5,7,grid,R4_sparse,0.5,42,anchor,100,100,1.0,0.9630065017930143,1.0,3,0
26,30,R7_kitchen_sink,0.5,7,grid,R7_kitchen_sink,0.0,42,anchor,100,100,1.0,0.9630065017930143,1.0,3,0
26,31,R7_kitchen_sink,0.5,7,grid,R7_kitchen_sink,0.5,42,anchor,100,96,0.96,0.9016292856411208,0.9843366960084523,3,0
27,0,R7_kitchen_sink,0.5,8,grid,R4_sparse,0.0,0,grid,100,13,0.13,0.07757167427240512,0.20980351440076428,3,0
27,1,R7_kitchen_sink,0.5,8,grid,R4_sparse,0.0,1,grid,100,20,0.2,0.13336693333103253,0.28882916559315885,3,0
27,2,R7_kitchen_sink,0.5,8,grid,R4_sparse,0.0,2,grid,100,21,0.21,0.14165654061915303,0.29979968834089865,3,0
27,3,R7_kitchen_sink,0.5,8,grid,R4_sparse,0.0,3,grid,100,17,0.17,0.10893566114059931,0.25548004767601123,3,0
27,4,R7_kitchen_sink,0.5,8,grid,R4_sparse,0.0,4,grid,100,17,0.17,0.10893566114059931,0.25548004767601123,3,0
27,5,R7_kitchen_sink,0.5,8,grid,R4_sparse,0.5,0,grid,100,39,0.39,0.3001687400639441,0.4879698295415926,3,0
27,6,R7_kitchen_sink,0.5,8,grid,R4_sparse,0.5,1,grid,100,63,0.63,0.5322052958094291,0.7181763946567546,3,0
27,7,R7_kitchen_sink,0.5,8,grid,R4_sparse,0.5,2,grid,100,14,0.14,0.08526343659939135,0.22137188210963837,3,0
27,8,R7_kitchen_sink,0.5,8,grid,R4_sparse,0.5,3,grid,100,16,0.16,0.10095288488804782,0.24420269389270244,3,0
27,9,R7_kitchen_sink,0.5,8,grid,R4_sparse,0.5,4,grid,100,100,1.0,0.9630065017930143,1.0,3,0
27,10,R7_kitchen_sink,0.5,8,grid,R7_kitchen_sink,0.0,0,grid,100,15,0.15,0.09305985283656631,0.23283559590832364,3,0
27,11,R7_kitchen_sink,0.5,8,grid,R7_kitchen_sink,0.0,1,grid,100,63,0.63,0.5322052958094291,0.7181763946567546,3,0
27,12,R7_kitchen_sink,0.5,8,grid,R7_kitchen_sink,0.0,2,grid,100,74,0.74,0.6462901055081282,0.8159530153525186,3,0
27,13,R7_kitchen_sink,0.5,8,grid,R7_kitchen_sink,0.0,3,grid,100,98,0.98,0.929988209271456,0.9944980324498376,3,0
27,14,R7_kitchen_sink,0.5,8,grid,R7_kitchen_sink,0.0,4,grid,100,11,0.11,0.06254196357064568,0.18631296503080313,3,0
27,15,R7_kitchen_sink,0.5,8,grid,R7_kitchen_sink,0.0,5,grid,100,7,0.07,0.03431926106727268,0.137495147390735,3,0
27,16,R7_kitchen_sink,0.5,8,grid,R7_kitchen_sink,0.0,6,grid,100,100,1.0,0.9630065017930143,1.0,3,0
27,17,R7_kitchen_sink,0.5,8,grid,R7_kitchen_sink,0.0,7,grid,100,77,0.77,0.6784561697712622,0.8415673411969654,3,0
27,18,R7_kitchen_sink,0.5,8,grid,R7_kitchen_sink,0.0,8,grid,100,10,0.1,0.0552291370606751,0.17436566150491345,3,0
27,19,R7_kitchen_sink,0.5,8,grid,R7_kitchen_sink,0.5,0,grid,100,13,0.13,0.07757167427240512,0.20980351440076428,3,0
27,20,R7_kitchen_sink,0.5,8,grid,R7_kitchen_sink,0.5,1,grid,100,13,0.13,0.07757167427240512,0.20980351440076428,3,0
27,21,R7_kitchen_sink,0.5,8,grid,R7_kitchen_sink,0.5,2,grid,100,64,0.64,0.5423540245160874,0.7272877959859567,3,0
27,22,R7_kitchen_sink,0.5,8,grid,R7_kitchen_sink,0.5,3,grid,100,75,0.75,0.656955364519384,0.8245478863771232,3,0
27,23,R7_kitchen_sink,0.5,8,grid,R7_kitchen_sink,0.5,4,grid,100,100,1.0,0.9630065017930143,1.0,3,0
27,24,R7_kitchen_sink,0.5,8,grid,R7_kitchen_sink,0.5,5,grid,100,63,0.63,0.5322052958094291,0.7181763946567546,3,0
27,25,R7_kitchen_sink,0.5,8,grid,R7_kitchen_sink,0.5,6,grid,100,7,0.07,0.03431926106727268,0.137495147390735,3,0
27,26,R7_kitchen_sink,0.5,8,grid,R7_kitchen_sink,0.5,7,grid,100,14,0.14,0.08526343659939135,0.22137188210963837,3,0
27,27,R7_kitchen_sink,0.5,8,grid,R7_kitchen_sink,0.5,8,grid,100,11,0.11,0.06254196357064568,0.18631296503080313,3,1
27,28,R7_kitchen_sink,0.5,8,grid,R4_sparse,0.0,42,anchor,100,83,0.83,0.7445199523239887,0.8910643388594006,3,0
27,29,R7_kitchen_sink,0.5,8,grid,R4_sparse,0.5,42,anchor,100,19,0.19,0.12514751509768735,0.27778845379064376,3,0
27,30,R7_kitchen_sink,0.5,8,grid,R7_kitchen_sink,0.0,42,anchor,100,99,0.99,0.9455138038212946,0.9982325679358593,3,0
27,31,R7_kitchen_sink,0.5,8,grid,R7_kitchen_sink,0.5,42,anchor,100,12,0.12,0.0699940643701949,0.19812099426711421,3,0
28,0,R4_sparse,0.0,42,anchor,R4_sparse,0.0,0,grid,100,14,0.14,0.08526343659939135,0.22137188210963837,3,0
28,1,R4_sparse,0.0,42,anchor,R4_sparse,0.0,1,grid,100,5,0.05,0.02154367915436796,0.11175046923191913,3,0
28,2,R4_sparse,0.0,42,anchor,R4_sparse,0.0,2,grid,100,13,0.13,0.07757167427240512,0.20980351440076428,3,0
28,3,R4_sparse,0.0,42,anchor,R4_sparse,0.0,3,grid,100,57,0.57,0.47215389549212305,0.6626670147588988,3,0
28,4,R4_sparse,0.0,42,anchor,R4_sparse,0.0,4,grid,100,33,0.33,0.24563122734128034,0.4269465620490947,3,0
28,5,R4_sparse,0.0,42,anchor,R4_sparse,0.5,0,grid,100,13,0.13,0.07757167427240512,0.20980351440076428,3,0
28,6,R4_sparse,0.0,42,anchor,R4_sparse,0.5,1,grid,100,16,0.16,0.10095288488804782,0.24420269389270244,3,0
28,7,R4_sparse,0.0,42,anchor,R4_sparse,0.5,2,grid,100,15,0.15,0.09305985283656631,0.23283559590832364,3,0
28,8,R4_sparse,0.0,42,anchor,R4_sparse,0.5,3,grid,100,14,0.14,0.08526343659939135,0.22137188210963837,3,0
28,9,R4_sparse,0.0,42,anchor,R4_sparse,0.5,4,grid,100,11,0.11,0.06254196357064568,0.18631296503080313,3,0
28,10,R4_sparse,0.0,42,anchor,R7_kitchen_sink,0.0,0,grid,100,100,1.0,0.9630065017930143,1.0,3,0
28,11,R4_sparse,0.0,42,anchor,R7_kitchen_sink,0.0,1,grid,100,8,0.08,0.041093461484380624,0.14998107700948735,3,0
28,12,R4_sparse,0.0,42,anchor,R7_kitchen_sink,0.0,2,grid,100,18,0.18,0.11700225498946351,0.2666735838630073,3,0
28,13,R4_sparse,0.0,42,anchor,R7_kitchen_sink,0.0,3,grid,100,10,0.1,0.0552291370606751,0.17436566150491345,3,0
28,14,R4_sparse,0.0,42,anchor,R7_kitchen_sink,0.0,4,grid,100,17,0.17,0.10893566114059931,0.25548004767601123,3,0
28,15,R4_sparse,0.0,42,anchor,R7_kitchen_sink,0.0,5,grid,100,12,0.12,0.0699940643701949,0.19812099426711421,3,0
28,16,R4_sparse,0.0,42,anchor,R7_kitchen_sink,0.0,6,grid,100,14,0.14,0.08526343659939135,0.22137188210963837,3,0
28,17,R4_sparse,0.0,42,anchor,R7_kitchen_sink,0.0,7,grid,100,100,1.0,0.9630065017930143,1.0,3,0
28,18,R4_sparse,0.0,42,anchor,R7_kitchen_sink,0.0,8,grid,100,100,1.0,0.9630065017930143,1.0,3,0
28,19,R4_sparse,0.0,42,anchor,R7_kitchen_sink,0.5,0,grid,100,100,1.0,0.9630065017930143,1.0,3,0
28,20,R4_sparse,0.0,42,anchor,R7_kitchen_sink,0.5,1,grid,100,5,0.05,0.02154367915436796,0.11175046923191913,3,0
28,21,R4_sparse,0.0,42,anchor,R7_kitchen_sink,0.5,2,grid,100,15,0.15,0.09305985283656631,0.23283559590832364,3,0
28,22,R4_sparse,0.0,42,anchor,R7_kitchen_sink,0.5,3,grid,100,6,0.06,0.027786123963188192,0.1247681544589592,3,0
28,23,R4_sparse,0.0,42,anchor,R7_kitchen_sink,0.5,4,grid,100,8,0.08,0.041093461484380624,0.14998107700948735,3,0
28,24,R4_sparse,0.0,42,anchor,R7_kitchen_sink,0.5,5,grid,100,11,0.11,0.06254196357064568,0.18631296503080313,3,0
28,25,R4_sparse,0.0,42,anchor,R7_kitchen_sink,0.5,6,grid,100,12,0.12,0.0699940643701949,0.19812099426711421,3,0
28,26,R4_sparse,0.0,42,anchor,R7_kitchen_sink,0.5,7,grid,100,16,0.16,0.10095288488804782,0.24420269389270244,3,0
28,27,R4_sparse,0.0,42,anchor,R7_kitchen_sink,0.5,8,grid,100,14,0.14,0.08526343659939135,0.22137188210963837,3,0
28,28,R4_sparse,0.0,42,anchor,R4_sparse,0.0,42,anchor,100,14,0.14,0.08526343659939135,0.22137188210963837,3,1
28,29,R4_sparse,0.0,42,anchor,R4_sparse,0.5,42,anchor,100,99,0.99,0.9455138038212946,0.9982325679358593,3,0
28,30,R4_sparse,0.0,42,anchor,R7_kitchen_sink,0.0,42,anchor,100,10,0.1,0.0552291370606751,0.17436566150491345,3,0
28,31,R4_sparse,0.0,42,anchor,R7_kitchen_sink,0.5,42,anchor,100,11,0.11,0.06254196357064568,0.18631296503080313,3,0
29,0,R4_sparse,0.5,42,anchor,R4_sparse,0.0,0,grid,100,18,0.18,0.11700225498946351,0.2666735838630073,3,0
29,1,R4_sparse,0.5,42,anchor,R4_sparse,0.0,1,grid,100,18,0.18,0.11700225498946351,0.2666735838630073,3,0
29,2,R4_sparse,0.5,42,anchor,R4_sparse,0.0,2,grid,100,5,0.05,0.02154367915436796,0.11175046923191913,3,0
29,3,R4_sparse,0.5,42,anchor,R4_sparse,0.0,3,grid,100,38,0.38,0.29097599252478734,0.47790244704488916,3,0
29,4,R4_sparse,0.5,42,anchor,R4_sparse,0.0,4,grid,100,43,0.43,0.33733298524110106,0.5278461045078768,3,0
29,5,R4_sparse,0.5,42,anchor,R4_sparse,0.5,0,grid,100,11,0.11,0.06254196357064568,0.18631296503080313,3,0
29,6,R4_sparse,0.5,42,anchor,R4_sparse,0.5,1,grid,100,16,0.16,0.10095288488804782,0.24420269389270244,3,0
29,7,R4_sparse,0.5,42,anchor,R4_sparse,0.5,2,grid,100,15,0.15,0.09305985283656631,0.23283559590832364,3,0
29,8,R4_sparse,0.5,42,anchor,R4_sparse,0.5,3,grid,100,12,0.12,0.0699940643701949,0.19812099426711421,3,0
29,9,R4_sparse,0.5,42,anchor,R4_sparse,0.5,4,grid,100,10,0.1,0.0552291370606751,0.17436566150491345,3,0
29,10,R4_sparse,0.5,42,anchor,R7_kitchen_sink,0.0,0,grid,100,64,0.64,0.5423540245160874,0.7272877959859567,3,0
29,11,R4_sparse,0.5,42,anchor,R7_kitchen_sink,0.0,1,grid,100,11,0.11,0.06254196357064568,0.18631296503080313,3,0
29,12,R4_sparse,0.5,42,anchor,R7_kitchen_sink,0.0,2,grid,100,9,0.09,0.04807254000256516,0.1622621285271631,3,0
29,13,R4_sparse,0.5,42,anchor,R7_kitchen_sink,0.0,3,grid,100,11,0.11,0.06254196357064568,0.18631296503080313,3,0
29,14,R4_sparse,0.5,42,anchor,R7_kitchen_sink,0.0,4,grid,100,10,0.1,0.0552291370606751,0.17436566150491345,3,0
29,15,R4_sparse,0.5,42,anchor,R7_kitchen_sink,0.0,5,grid,100,14,0.14,0.08526343659939135,0.22137188210963837,3,0
29,16,R4_sparse,0.5,42,anchor,R7_kitchen_sink,0.0,6,grid,100,11,0.11,0.06254196357064568,0.18631296503080313,3,0
29,17,R4_sparse,0.5,42,anchor,R7_kitchen_sink,0.0,7,grid,100,72,0.72,0.6251197129007884,0.7986031478881379,3,0
29,18,R4_sparse,0.5,42,anchor,R7_kitchen_sink,0.0,8,grid,100,70,0.7,0.6041514536665332,0.7810511470506724,3,0
29,19,R4_sparse,0.5,42,anchor,R7_kitchen_sink,0.5,0,grid,100,69,0.69,0.5937394428051057,0.7722030278762395,3,0
29,20,R4_sparse,0.5,42,anchor,R7_kitchen_sink,0.5,1,grid,100,16,0.16,0.10095288488804782,0.24420269389270244,3,0
29,21,R4_sparse,0.5,42,anchor,R7_kitchen_sink,0.5,2,grid,100,14,0.14,0.08526343659939135,0.22137188210963837,3,0
29,22,R4_sparse,0.5,42,anchor,R7_kitchen_sink,0.5,3,grid,100,17,0.17,0.10893566114059931,0.25548004767601123,3,0
29,23,R4_sparse,0.5,42,anchor,R7_kitchen_sink,0.5,4,grid,100,15,0.15,0.09305985283656631,0.23283559590832364,3,0
29,24,R4_sparse,0.5,42,anchor,R7_kitchen_sink,0.5,5,grid,100,15,0.15,0.09305985283656631,0.23283559590832364,3,0
29,25,R4_sparse,0.5,42,anchor,R7_kitchen_sink,0.5,6,grid,100,13,0.13,0.07757167427240512,0.20980351440076428,3,0
29,26,R4_sparse,0.5,42,anchor,R7_kitchen_sink,0.5,7,grid,100,6,0.06,0.027786123963188192,0.1247681544589592,3,0
29,27,R4_sparse,0.5,42,anchor,R7_kitchen_sink,0.5,8,grid,100,25,0.25,0.17545211362287674,0.34304463548061603,3,0
29,28,R4_sparse,0.5,42,anchor,R4_sparse,0.0,42,anchor,100,13,0.13,0.07757167427240512,0.20980351440076428,3,0
29,29,R4_sparse,0.5,42,anchor,R4_sparse,0.5,42,anchor,100,60,0.6,0.5020025867910618,0.6905987135675411,3,1
29,30,R4_sparse,0.5,42,anchor,R7_kitchen_sink,0.0,42,anchor,100,12,0.12,0.0699940643701949,0.19812099426711421,3,0
29,31,R4_sparse,0.5,42,anchor,R7_kitchen_sink,0.5,42,anchor,100,14,0.14,0.08526343659939135,0.22137188210963837,3,0
30,0,R7_kitchen_sink,0.0,42,anchor,R4_sparse,0.0,0,grid,100,79,0.79,0.7002003116591013,0.858343459380847,3,0
30,1,R7_kitchen_sink,0.0,42,anchor,R4_sparse,0.0,1,grid,100,79,0.79,0.7002003116591013,0.858343459380847,3,0
30,2,R7_kitchen_sink,0.0,42,anchor,R4_sparse,0.0,2,grid,100,85,0.85,0.7671644040916763,0.9069401471634337,3,0
30,3,R7_kitchen_sink,0.0,42,anchor,R4_sparse,0.0,3,grid,100,59,0.59,0.4920143005341078,0.6813268697886348,3,0
30,4,R7_kitchen_sink,0.0,42,anchor,R4_sparse,0.0,4,grid,100,33,0.33,0.24563122734128034,0.4269465620490947,3,0
30,5,R7_kitchen_sink,0.0,42,anchor,R4_sparse,0.5,0,grid,100,87,0.87,0.7901964855992357,0.9224283257275948,3,0
30,6,R7_kitchen_sink,0.0,42,anchor,R4_sparse,0.5,1,grid,100,99,0.99,0.9455138038212946,0.9982325679358593,3,0
30,7,R7_kitchen_sink,0.0,42,anchor,R4_sparse,0.5,2,grid,100,37,0.37,0.2818236053432453,0.46779470419057084,3,0
30,8,R7_kitchen_sink,0.0,42,anchor,R4_sparse,0.5,3,grid,100,80,0.8,0.7111708344068411,0.8666330666689676,3,0
30,9,R7_kitchen_sink,0.0,42,anchor,R4_sparse,0.5,4,grid,100,100,1.0,0.9630065017930143,1.0,3,0
30,10,R7_kitchen_sink,0.0,42,anchor,R7_kitchen_sink,0.0,0,grid,100,23,0.23,0.15843265880303448,0.3215438302287378,3,0
30,11,R7_kitchen_sink,0.0,42,anchor,R7_kitchen_sink,0.0,1,grid,100,96,0.96,0.9016292856411208,0.9843366960084523,3,0
30,12,R7_kitchen_sink,0.0,42,anchor,R7_kitchen_sink,0.0,2,grid,100,49,0.49,0.3942199893044113,0.5865198806597283,3,0
30,13,R7_kitchen_sink,0.0,42,anchor,R7_kitchen_sink,0.0,3,grid,100,100,1.0,0.9630065017930143,1.0,3,0
30,14,R7_kitchen_sink,0.0,42,anchor,R7_kitchen_sink,0.0,4,grid,100,33,0.33,0.24563122734128034,0.4269465620490947,3,0
30,15,R7_kitchen_sink,0.0,42,anchor,R7_kitchen_sink,0.0,5,grid,100,21,0.21,0.14165654061915303,0.29979968834089865,3,0
30,16,R7_kitchen_sink,0.0,42,anchor,R7_kitchen_sink,0.0,6,grid,100,100,1.0,0.9630065017930143,1.0,3,0
30,17,R7_kitchen_sink,0.0,42,anchor,R7_kitchen_sink,0.0,7,grid,100,74,0.74,0.6462901055081282,0.8159530153525186,3,0
30,18,R7_kitchen_sink,0.0,42,anchor,R7_kitchen_sink,0.0,8,grid,100,20,0.2,0.13336693333103253,0.28882916559315885,3,0
30,19,R7_kitchen_sink,0.0,42,anchor,R7_kitchen_sink,0.5,0,grid,100,24,0.24,0.16691325556948772,0.33232336349814473,3,0
30,20,R7_kitchen_sink,0.0,42,anchor,R7_kitchen_sink,0.5,1,grid,100,25,0.25,0.17545211362287674,0.34304463548061603,3,0
30,21,R7_kitchen_sink,0.0,42,anchor,R7_kitchen_sink,0.5,2,grid,100,99,0.99,0.9455138038212946,0.9982325679358593,3,0
30,22,R7_kitchen_sink,0.0,42,anchor,R7_kitchen_sink,0.5,3,grid,100,96,0.96,0.9016292856411208,0.9843366960084523,3,0
30,23,R7_kitchen_sink,0.0,42,anchor,R7_kitchen_sink,0.5,4,grid,100,100,1.0,0.9630065017930143,1.0,3,0
30,24,R7_kitchen_sink,0.0,42,anchor,R7_kitchen_sink,0.5,5,grid,100,99,0.99,0.9455138038212946,0.9982325679358593,3,0
30,25,R7_kitchen_sink,0.0,42,anchor,R7_kitchen_sink,0.5,6,grid,100,40,0.4,0.3094012864324589,0.4979974132089382,3,0
30,26,R7_kitchen_sink,0.0,42,anchor,R7_kitchen_sink,0.5,7,grid,100,24,0.24,0.16691325556948772,0.33232336349814473,3,0
30,27,R7_kitchen_sink,0.0,42,anchor,R7_kitchen_sink,0.5,8,grid,100,22,0.22,0.15001282384605402,0.31070353514985793,3,0
30,28,R7_kitchen_sink,0.0,42,anchor,R4_sparse,0.0,42,anchor,100,98,0.98,0.929988209271456,0.9944980324498376,3,0
30,29,R7_kitchen_sink,0.0,42,anchor,R4_sparse,0.5,42,anchor,100,30,0.3,0.2189488529493276,0.3958485463334666,3,0
30,30,R7_kitchen_sink,0.0,42,anchor,R7_kitchen_sink,0.0,42,anchor,100,100,1.0,0.9630065017930143,1.0,3,1
30,31,R7_kitchen_sink,0.0,42,anchor,R7_kitchen_sink,0.5,42,anchor,100,86,0.86,0.7786281178903616,0.9147365634006086,3,0
31,0,R7_kitchen_sink,0.5,42,anchor,R4_sparse,0.0,0,grid,100,100,1.0,0.9630065017930143,1.0,3,0
31,1,R7_kitchen_sink,0.5,42,anchor,R4_sparse,0.0,1,grid,100,93,0.93,0.8625048526092651,0.9656807389327273,3,0
31,2,R7_kitchen_sink,0.5,42,anchor,R4_sparse,0.0,2,grid,100,97,0.97,0.9154806357094724,0.9897454759759611,3,0
31,3,R7_kitchen_sink,0.5,42,anchor,R4_sparse,0.0,3,grid,100,72,0.72,0.6251197129007884,0.7986031478881379,3,0
31,4,R7_kitchen_sink,0.5,42,anchor,R4_sparse,0.0,4,grid,100,42,0.42,0.3279838267435473,0.5179351329695703,3,0
31,5,R7_kitchen_sink,0.5,42,anchor,R4_sparse,0.5,0,grid,100,76,0.76,0.6676766365018553,0.8330867444305122,3,0
31,6,R7_kitchen_sink,0.5,42,anchor,R4_sparse,0.5,1,grid,100,60,0.6,0.5020025867910618,0.6905987135675411,3,0
31,7,R7_kitchen_sink,0.5,42,anchor,R4_sparse,0.5,2,grid,100,42,0.42,0.3279838267435473,0.5179351329695703,3,0
31,8,R7_kitchen_sink,0.5,42,anchor,R4_sparse,0.5,3,grid,100,98,0.98,0.929988209271456,0.9944980324498376,3,0
31,9,R7_kitchen_sink,0.5,42,anchor,R4_sparse,0.5,4,grid,100,48,0.48,0.384645517580519,0.5768342223477603,3,0
31,10,R7_kitchen_sink,0.5,42,anchor,R7_kitchen_sink,0.0,0,grid,100,24,0.24,0.16691325556948772,0.33232336349814473,3,0
31,11,R7_kitchen_sink,0.5,42,anchor,R7_kitchen_sink,0.0,1,grid,100,39,0.39,0.3001687400639441,0.4879698295415926,3,0
31,12,R7_kitchen_sink,0.5,42,anchor,R7_kitchen_sink,0.0,2,grid,100,35,0.35,0.26364248243097527,0.44745556703112027,3,0
31,13,R7_kitchen_sink,0.5,42,anchor,R7_kitchen_sink,0.0,3,grid,100,41,0.41,0.3186731302113651,0.5079856994658921,3,0
31,14,R7_kitchen_sink,0.5,42,anchor,R7_kitchen_sink,0.0,4,grid,100,22,0.22,0.15001282384605402,0.31070353514985793,3,0
31,15,R7_kitchen_sink,0.5,42,anchor,R7_kitchen_sink,0.0,5,grid,100,22,0.22,0.15001282384605402,0.31070353514985793,3,0
31,16,R7_kitchen_sink,0.5,42,anchor,R7_kitchen_sink,0.0,6,grid,100,45,0.45,0.3561453797951198,0.5475539700255787,3,0
31,17,R7_kitchen_sink,0.5,42,anchor,R7_kitchen_sink,0.0,7,grid,100,43,0.43,0.33733298524110106,0.5278461045078768,3,0
31,18,R7_kitchen_sink,0.5,42,anchor,R7_kitchen_sink,0.0,8,grid,100,20,0.2,0.13336693333103253,0.28882916559315885,3,0
31,19,R7_kitchen_sink,0.5,42,anchor,R7_kitchen_sink,0.5,0,grid,100,22,0.22,0.15001282384605402,0.31070353514985793,3,0
31,20,R7_kitchen_sink,0.5,42,anchor,R7_kitchen_sink,0.5,1,grid,100,24,0.24,0.16691325556948772,0.33232336349814473,3,0
31,21,R7_kitchen_sink,0.5,42,anchor,R7_kitchen_sink,0.5,2,grid,100,42,0.42,0.3279838267435473,0.5179351329695703,3,0
31,22,R7_kitchen_sink,0.5,42,anchor,R7_kitchen_sink,0.5,3,grid,100,42,0.42,0.3279838267435473,0.5179351329695703,3,0
31,23,R7_kitchen_sink,0.5,42,anchor,R7_kitchen_sink,0.5,4,grid,100,49,0.49,0.3942199893044113,0.5865198806597283,3,0
31,24,R7_kitchen_sink,0.5,42,anchor,R7_kitchen_sink,0.5,5,grid,100,59,0.59,0.4920143005341078,0.6813268697886348,3,0
31,25,R7_kitchen_sink,0.5,42,anchor,R7_kitchen_sink,0.5,6,grid,100,31,0.31,0.22779697212376038,0.40626055719489407,3,0
31,26,R7_kitchen_sink,0.5,42,anchor,R7_kitchen_sink,0.5,7,grid,100,18,0.18,0.11700225498946351,0.2666735838630073,3,0
31,27,R7_kitchen_sink,0.5,42,anchor,R7_kitchen_sink,0.5,8,grid,100,36,0.36,0.2727122040140433,0.4576459754839126,3,0
31,28,R7_kitchen_sink,0.5,42,anchor,R4_sparse,0.0,42,anchor,100,58,0.58,0.4820648670304296,0.6720161732564526,3,0
31,29,R7_kitchen_sink,0.5,42,anchor,R4_sparse,0.5,42,anchor,100,26,0.26,0.18404698464748132,0.3537098944918718,3,0
31,30,R7_kitchen_sink,0.5,42,anchor,R7_kitchen_sink,0.0,42,anchor,100,31,0.31,0.22779697212376038,0.40626055719489407,3,0
31,31,R7_kitchen_sink,0.5,42,anchor,R7_kitchen_sink,0.5,42,anchor,100,100,1.0,0.9630065017930143,1.0,3,1
